0,1,2,3,,,,,,,,,
0.012357739,-0.002270287,0.149186136,-0.3141821,,0.012357739,-0.002270287,,,,,,
0.017509796,-0.01261472,0.108818505,-0.206775507,,0.017509796,-0.01261472,,,,,,
0.020690036,-0.018127221,0.050545029,-0.072008597,,0.020690036,-0.018127221,,,,,,
0.024324975,-0.025014959,0.131003446,-0.27082292,,0.024324975,-0.025014959,,,,,,
0.027317819,-0.030734717,0.019200265,-0.020116696,,0.027317819,-0.030734717,,,,,,
0.028475122,-0.03296478,0.038595905,-0.090804097,,0.028475122,-0.03296478,,,,,,
0.028462546,-0.03343408,-0.038938137,0.064896787,,0.028462546,-0.03343408,,,,,,
0.028213546,-0.034553376,0.026202002,-0.118369093,,0.028213546,-0.034553376,,,,,,
0.028087996,-0.037022656,-0.032227281,-0.007285651,,0.028087996,-0.037022656,,,,,,
0.026575635,-0.037433771,-0.043384026,-0.013285482,,0.026575635,-0.037433771,,,,,,
0.025300576,-0.0396868,-0.020461171,-0.098573278,,0.025300576,-0.0396868,,,,,,
0.021978414,-0.038365369,-0.145218171,0.161021214,,0.021978414,-0.038365369,,,,,,
0.018268963,-0.037680429,-0.040748728,-0.122421698,,0.018268963,-0.037680429,,,,,,
0.014829899,-0.038877495,-0.130855704,0.059578677,,0.014829899,-0.038877495,,,,,,
0.009732134,-0.037559286,-0.124141037,0.007361003,,0.009732134,-0.037559286,,,,,,
0.003731921,-0.035509836,-0.17575424,0.094217309,,0.003731921,-0.035509836,,,,,,
-0.003745375,-0.031413317,-0.198158761,0.111179997,,-0.003745375,-0.031413317,,,,,, uoiu
-0.011500638,-0.0280282,-0.189756705,0.059525725,,-0.011500638,-0.0280282,,,,,,
-0.019841241,-0.02443571,-0.227238138,0.119922546,,-0.019841241,-0.02443571,,,,,,
-0.030140967,-0.017346108,-0.287694294,0.234300133,,-0.030140967,-0.017346108,,,,,,
-0.039542763,-0.013437459,-0.182935908,-0.03406608,,-0.039542763,-0.013437459,,,,,,
-0.049004669,-0.009957371,-0.289816317,0.205206638,,-0.049004669,-0.009957371,,,,,,
-0.060235488,-0.002960623,-0.271969155,0.146936138,,-0.060235488,-0.002960623,,,,,,
-0.070878523,0.002189402,-0.260349907,0.112144444,,-0.070878523,0.002189402,,,,,,
-0.082331096,0.009063899,-0.312216696,0.231214936,,-0.082331096,0.009063899,,,,,,
-0.093737135,0.01573536,-0.258445118,0.105618899,,-0.093737135,0.01573536,,,,,,
-0.104381542,0.020889537,-0.273805587,0.152458668,,-0.104381542,0.020889537,,,,,,
-0.113593302,0.023168923,-0.18716067,-0.035198591,,-0.113593302,0.023168923,,,,,,
-0.122352647,0.025235316,-0.250558357,0.136389988,,-0.122352647,0.025235316,,,,,,
-0.131706245,0.029478867,-0.217318906,0.077558362,,-0.131706245,0.029478867,,,,,,
-0.140203264,0.032615554,-0.207600952,0.07990441,,-0.140203264,0.032615554,,,,,,
-0.147651001,0.034354636,-0.164954254,0.008496197,,-0.147651001,0.034354636,,,,,,
-0.154001245,0.034767433,-0.152568842,0.012194126,,-0.154001245,0.034767433,,,,,,
-0.160099932,0.035902906,-0.152342376,0.044353246,,-0.160099932,0.035902906,,,,,,
-0.164865053,0.035211429,-0.086118022,-0.077232296,,-0.164865053,0.035211429,,,,,,
-0.168901044,0.034264044,-0.115489027,0.02811646,,-0.168901044,0.034264044,,,,,,
-0.171996267,0.032451113,-0.039492742,-0.116951443,,-0.171996267,0.032451113,,,,,,
-0.173525928,0.028403532,-0.036862132,-0.086692006,,-0.173525928,0.028403532,,,,,,
-0.174490736,0.024384319,-0.011349714,-0.114662028,,-0.174490736,0.024384319,,,,,,
-0.176000024,0.022866637,-0.063829059,0.036227602,,-0.176000024,0.022866637,,,,,,
-0.176578794,0.02010494,0.034584055,-0.171763423,,-0.176578794,0.02010494,,,,,,
-0.17728574,0.018708083,-0.069442612,0.097622195,,-0.17728574,0.018708083,,,,,,
-0.177226253,0.016241034,0.071921518,-0.216777352,,-0.177226253,0.016241034,,,,,,
-0.175063407,0.00979516,0.036537243,-0.10844811,,-0.175063407,0.00979516,,,,,,
-0.172062579,0.002173224,0.113378876,-0.271772821,,-0.172062579,0.002173224,,,,,,
-0.169687213,-0.00328691,0.005961179,-0.006323022,,-0.169687213,-0.00328691,,,,,,
-0.167651797,-0.007773328,0.095541224,-0.215789603,,-0.167651797,-0.007773328,,,,,,
-0.163582419,-0.016875368,0.108075326,-0.240813189,,-0.163582419,-0.016875368,,,,,,
-0.160231098,-0.024263271,0.05983826,-0.131746669,,-0.160231098,-0.024263271,,,,,,
-0.159198397,-0.026625457,-0.007900994,0.011001514,,-0.159198397,-0.026625457,,,,,,
-0.158767369,-0.028405407,0.029305513,-0.098737783,,-0.158767369,-0.028405407,,,,,,
-0.159295842,-0.028761675,-0.055409425,0.078190793,,-0.159295842,-0.028761675,,,,,,
-0.160688786,-0.02814132,-0.014457204,-0.045217369,,-0.160688786,-0.02814132,,,,,,
-0.161289359,-0.030338,-0.015553145,-0.064791081,,-0.161289359,-0.030338,,,,,,
-0.163108971,-0.03058557,-0.075215848,0.050619984,,-0.163108971,-0.03058557,,,,,,
-0.166002068,-0.029415171,-0.069528666,0.008749496,,-0.166002068,-0.029415171,,,,,,
-0.168898089,-0.029315323,-0.07528904,-0.003568484,,-0.168898089,-0.029315323,,,,,,
-0.17189972,-0.029985973,-0.07481708,-0.029726905,,-0.17189972,-0.029985973,,,,,,
-0.176430879,-0.028061935,-0.151509278,0.124014092,,-0.176430879,-0.028061935,,,,,,
-0.183112453,-0.022259372,-0.182610931,0.16665825,,-0.183112453,-0.022259372,,,,,,
-0.189189725,-0.019017985,-0.121604926,-0.001425103,,-0.189189725,-0.019017985,,,,,,
-0.194753557,-0.017753578,-0.156496075,0.063919521,,-0.194753557,-0.017753578,,,,,,
-0.2016548,-0.014055806,-0.188541248,0.120870858,,-0.2016548,-0.014055806,,,,,,
-0.208505295,-0.011192499,-0.154206905,0.024318815,,-0.208505295,-0.011192499,,,,,,
-0.216565697,-0.005986929,-0.248557946,0.233895785,,-0.216565697,-0.005986929,,,,,,
-0.224545862,-0.001548644,-0.150958939,-0.007463353,,-0.224545862,-0.001548644,,,,,,
-0.231855555,0.001141367,-0.21432638,0.140308476,,-0.231855555,0.001141367,,,,,,
-0.240034138,0.005736624,-0.194784487,0.091137198,,-0.240034138,0.005736624,,,,,,
-0.246820552,0.007069868,-0.144762375,-0.022497206,,-0.246820552,0.007069868,,,,,,
-0.25494243,0.011815888,-0.260948917,0.256602486,,-0.25494243,0.011815888,,,,,,
-0.263094911,0.016709541,-0.147237905,-0.006957543,,-0.263094911,0.016709541,,,,,,
-0.270280522,0.01981244,-0.211821972,0.160248653,,-0.270280522,0.01981244,,,,,,
-0.277067271,0.022502778,-0.127893513,-0.022430997,,-0.277067271,0.022502778,,,,,,
-0.283012734,0.02401645,-0.169210924,0.096658565,,-0.283012734,0.02401645,,,,,,
-0.28875409,0.025849887,-0.118074144,-0.003101745,,-0.28875409,0.025849887,,,,,,
-0.293117848,0.025393619,-0.100139277,-0.019544047,,-0.293117848,0.025393619,,,,,,
-0.297818463,0.02675736,-0.134743026,0.086441944,,-0.297818463,0.02675736,,,,,,
-0.301748166,0.027229272,-0.062012952,-0.06053555,,-0.301748166,0.027229272,,,,,,
-0.304164523,0.025251183,-0.058733614,-0.039079689,,-0.304164523,0.025251183,,,,,,
-0.306537379,0.024278207,-0.059845541,-0.010185411,,-0.306537379,0.024278207,,,,,,
-0.307865579,0.021862393,-0.006691548,-0.109604105,,-0.307865579,0.021862393,,,,,,
-0.307348837,0.016186323,0.032530151,-0.174388873,,-0.307348837,0.016186323,,,,,,
-0.306454376,0.010671489,0.012425585,-0.103534529,,-0.306454376,0.010671489,,,,,,
-0.306168068,0.007357262,0.002025211,-0.063450558,,-0.306168068,0.007357262,,,,,,
-0.305536339,0.003760235,0.029542815,-0.116345814,,-0.305536339,0.003760235,,,,,,
-0.304638052,-9.95E-06,0.015522824,-0.073575206,,-0.304638052,-9.95E-06,,,,,,
-0.303483031,-0.004098114,0.042214174,-0.130817972,,-0.303483031,-0.004098114,,,,,,
-0.302511994,-0.007559692,0.006560291,-0.044269031,,-0.302511994,-0.007559692,,,,,,
-0.301402419,-0.011378045,0.04882358,-0.145917305,,-0.301402419,-0.011378045,,,,,,
-0.301518043,-0.012396747,-0.054170986,0.09122121,,-0.301518043,-0.012396747,,,,,,
-0.301949024,-0.013105975,0.032267819,-0.123622647,,-0.301949024,-0.013105975,,,,,,
-0.302079348,-0.014804735,-0.038469656,0.03594194,,-0.302079348,-0.014804735,,,,,,
-0.303010333,-0.015069578,-0.008216018,-0.047991439,,-0.303010333,-0.015069578,,,,,,
-0.303566455,-0.016653325,-0.019525698,-0.031772221,,-0.303566455,-0.016653325,,,,,,
-0.304743188,-0.01724004,-0.039236995,0.001805042,,-0.304743188,-0.01724004,,,,,,
-0.307761631,-0.014061561,-0.111482784,0.155469927,,-0.307761631,-0.014061561,,,,,,
-0.3097139,-0.014104304,0.01334001,-0.153011796,,-0.3097139,-0.014104304,,,,,,
-0.311724685,-0.014335037,-0.113369919,0.137083894,,-0.311724685,-0.014335037,,,,,,
-0.314425394,-0.013522696,-0.022076731,-0.092870454,,-0.314425394,-0.013522696,,,,,,
-0.316989261,-0.013422132,-0.105790971,0.095102816,,-0.316989261,-0.013422132,,,,,,
-0.321176206,-0.01003682,-0.103658535,0.075150803,,-0.321176206,-0.01003682,,,,,,
-0.325145403,-0.007677116,-0.094902751,0.043783957,,-0.325145403,-0.007677116,,,,,,
-0.328429974,-0.007279865,-0.06944777,-0.022847097,,-0.328429974,-0.007279865,,,,,,
-0.333137675,-0.003752069,-0.165630356,0.196679382,,-0.333137675,-0.003752069,,,,,,
-0.337217101,-0.002090464,-0.038903031,-0.10869363,,-0.337217101,-0.002090464,,,,,,
-0.34211246,0.001489635,-0.205262955,0.28258565,,-0.34211246,0.001489635,,,,,,
-0.347580007,0.006133523,-0.068778347,-0.044540335,,-0.347580007,0.006133523,,,,,,
-0.351691418,0.007728187,-0.136539121,0.12211418,,-0.351691418,0.007728187,,,,,,
-0.355899056,0.009722004,-0.074132398,-0.019883772,,-0.355899056,0.009722004,,,,,,
-0.35917349,0.009880789,-0.08951405,0.027159062,,-0.35917349,0.009880789,,,,,,
-0.361751053,0.008801677,-0.039529028,-0.079732809,,-0.361751053,0.008801677,,,,,,
-0.364419798,0.008435003,-0.093662875,0.059252299,,-0.364419798,0.008435003,,,,,,
-0.367266837,0.008822498,-0.048868348,-0.038333088,,-0.367266837,0.008822498,,,,,,
-0.370217685,0.009855249,-0.098479128,0.088295872,,-0.370217685,0.009855249,,,,,,
-0.372827155,0.010392817,-0.03226324,-0.059096625,,-0.372827155,0.010392817,,,,,,
-0.374824924,0.009968476,-0.067454297,0.0363723,,-0.374824924,0.009968476,,,,,,
-0.375814231,0.007596307,0.017709382,-0.152638832,,-0.375814231,0.007596307,,,,,,
-0.376695334,0.005542237,-0.061379872,0.046541714,,-0.376695334,0.005542237,,,,,,
-0.37877708,0.006613579,-0.042798496,0.007828874,,-0.37877708,0.006613579,,,,,,
-0.379532029,0.004828801,0.004907196,-0.0958806,,-0.379532029,0.004828801,,,,,,
-0.380875152,0.004818474,-0.071739008,0.092549131,,-0.380875152,0.004818474,,,,,,
-0.382928714,0.006632574,-0.031138774,-8.18E-05,,-0.382928714,0.006632574,,,,,,
-0.382733751,0.00340702,0.04067707,-0.159473786,,-0.382733751,0.00340702,,,,,,
-0.382882188,0.001445537,-0.047683826,0.057752248,,-0.382882188,0.001445537,,,,,,
-0.384150767,0.002256767,-0.015890234,-0.015920601,,-0.384150767,0.002256767,,,,,,
-0.382852975,-0.002821385,0.080505033,-0.235744485,,-0.382852975,-0.002821385,,,,,,
-0.381366882,-0.007966701,-0.00572932,-0.025722034,,-0.381366882,-0.007966701,,,,,,
-0.381150382,-0.010129106,0.016503635,-0.082005253,,-0.381150382,-0.010129106,,,,,,
-0.381289933,-0.011606889,-0.023295224,0.006483845,,-0.381289933,-0.011606889,,,,,,
-0.381072298,-0.014229946,0.033987379,-0.13605011,,-0.381072298,-0.014229946,,,,,,
-0.381363505,-0.015895679,-0.048188531,0.049636135,,-0.381363505,-0.015895679,,,,,,
-0.382345884,-0.016437241,-0.001131175,-0.074970947,,-0.382345884,-0.016437241,,,,,,
-0.383907749,-0.016077492,-0.076679952,0.090550144,,-0.383907749,-0.016077492,,,,,,
-0.386644136,-0.013588717,-0.060283397,0.035219002,,-0.386644136,-0.013588717,,,,,,
-0.389630007,-0.011089412,-0.088965835,0.089443804,,-0.389630007,-0.011089412,,,,,,
-0.392467432,-0.009466733,-0.053102834,-0.00654689,,-0.392467432,-0.009466733,,,,,,
-0.395736819,-0.007182031,-0.110194876,0.11936633,,-0.395736819,-0.007182031,,,,,,
-0.399393412,-0.004391741,-0.072859598,0.022171842,,-0.399393412,-0.004391741,,,,,,
-0.40239566,-0.003371945,-0.077261793,0.028925341,,-0.40239566,-0.003371945,,,,,,
-0.404961881,-0.003504375,-0.051155912,-0.034625084,,-0.404961881,-0.003504375,,,,,,
-0.407637676,-0.003412483,-0.082509501,0.038149644,,-0.407637676,-0.003412483,,,,,,
-0.410754243,-0.002388551,-0.073382239,0.013623332,,-0.410754243,-0.002388551,,,,,,
-0.413325681,-0.002723414,-0.055257495,-0.02978687,,-0.413325681,-0.002723414,,,,,,
-0.415604407,-0.003743323,-0.05864304,-0.021542372,,-0.415604407,-0.003743323,,,,,,
-0.417522909,-0.005621974,-0.037329618,-0.072023349,,-0.417522909,-0.005621974,,,,,,
-0.419616089,-0.007095715,-0.067178286,-0.003001282,,-0.419616089,-0.007095715,,,,,,
-0.42235097,-0.007200628,-0.069561018,-0.002279905,,-0.42235097,-0.007200628,,,,,,
-0.425976962,-0.005414852,-0.111614117,0.090545795,,-0.425976962,-0.005414852,,,,,,
-0.429247974,-0.004751621,-0.052201152,-0.05507322,,-0.429247974,-0.004751621,,,,,,
-0.431972355,-0.005463661,-0.083875534,0.018227076,,-0.431972355,-0.005463661,,,,,,
-0.435098948,-0.005358361,-0.072508498,-0.012483525,,-0.435098948,-0.005358361,,,,,,
-0.438587845,-0.004533772,-0.101839622,0.052903231,,-0.438587845,-0.004533772,,,,,,
-0.442060176,-0.003933554,-0.071917656,-0.021655907,,-0.442060176,-0.003933554,,,,,,
-0.446089274,-0.002119165,-0.129345723,0.110768074,,-0.446089274,-0.002119165,,,,,,
-0.450801183,0.001106905,-0.106418432,0.052076623,,-0.450801183,0.001106905,,,,,,
-0.454809732,0.002605848,-0.094090233,0.023606305,,-0.454809732,0.002605848,,,,,,
-0.459552495,0.00589844,-0.142916312,0.139963267,,-0.459552495,0.00589844,,,,,,
-0.464430753,0.009527694,-0.101240942,0.043691098,,-0.464430753,0.009527694,,,,,,
-0.468876375,0.012363887,-0.121008201,0.097897717,,-0.468876375,0.012363887,,,,,,
-0.471942918,0.012281491,-0.03266104,-0.099082069,,-0.471942918,0.012281491,,,,,,
-0.475095768,0.013002387,-0.124600546,0.131830796,,-0.475095768,0.013002387,,,,,,
-0.477634595,0.012681264,-0.002814009,-0.143824747,,-0.477634595,0.012681264,,,,,,
-0.4800135,0.012649689,-0.115646893,0.138034657,,-0.4800135,0.012649689,,,,,,
-0.48269631,0.013740167,-0.018897019,-0.080017326,,-0.48269631,0.013740167,,,,,,
-0.483652504,0.011374442,-0.028796878,-0.039354313,,-0.483652504,0.011374442,,,,,,
-0.484409785,0.009156139,-0.009079545,-0.071529325,,-0.484409785,0.009156139,,,,,,
-0.485288517,0.007775484,-0.034705331,0.001132841,,-0.485288517,0.007775484,,,,,,
-0.486574674,0.007754144,-0.029610028,-0.002149716,,-0.486574674,0.007754144,,,,,,
-0.487137567,0.006387484,0.001382204,-0.065512329,,-0.487137567,0.006387484,,,,,,
-0.48653216,0.002693676,0.028870739,-0.119132636,,-0.48653216,0.002693676,,,,,,
-0.487440418,0.002964937,-0.073861327,0.129044052,,-0.487440418,0.002964937,,,,,,
-0.48706239,0.000271193,0.092148261,-0.258491452,,-0.48706239,0.000271193,,,,,,
-0.485506943,-0.004774997,-0.013821955,0.001261191,,-0.485506943,-0.004774997,,,,,,
-0.48623975,-0.004361438,-0.022795222,0.019231455,,-0.48623975,-0.004361438,,,,,,
-0.486627817,-0.004888639,0.003292941,-0.044745182,,-0.486627817,-0.004888639,,,,,,
-0.485620058,-0.008744124,0.046998797,-0.147290744,,-0.485620058,-0.008744124,,,,,,
-0.484091656,-0.013790572,0.029598714,-0.106682058,,-0.484091656,-0.013790572,,,,,,
-0.48435267,-0.014785709,-0.042347235,0.054306205,,-0.48435267,-0.014785709,,,,,,
-0.4857062,-0.013707994,-0.025441374,0.000596353,,-0.4857062,-0.013707994,,,,,,
-0.487248976,-0.012675909,-0.051629916,0.050468178,,-0.487248976,-0.012675909,,,,,,
-0.488302386,-0.013282024,-0.001249116,-0.078969871,,-0.488302386,-0.013282024,,,,,,
-0.489163156,-0.014673526,-0.041607394,0.007803962,,-0.489163156,-0.014673526,,,,,,
-0.490761554,-0.014762948,-0.038341697,-0.012004865,,-0.490761554,-0.014762948,,,,,,
-0.491892225,-0.016415703,-0.018254739,-0.070111562,,-0.491892225,-0.016415703,,,,,,
-0.49371611,-0.016856965,-0.072725616,0.04621015,,-0.49371611,-0.016856965,,,,,,
-0.497397368,-0.013526324,-0.111276072,0.119898516,,-0.497397368,-0.013526324,,,,,,
-0.500750326,-0.011644546,-0.056655536,-0.023289794,,-0.500750326,-0.011644546,,,,,,
-0.503913452,-0.010634312,-0.1013538,0.072571095,,-0.503913452,-0.010634312,,,,,,
-0.507672044,-0.008663559,-0.086693396,0.02704726,,-0.507672044,-0.008663559,,,,,,
-0.510478482,-0.009287535,-0.053759356,-0.057120204,,-0.510478482,-0.009287535,,,,,,
-0.51417733,-0.008025743,-0.130905221,0.117850236,,-0.51417733,-0.008025743,,,,,,
-0.518304277,-0.00614895,-0.075720586,-0.021544726,,-0.518304277,-0.00614895,,,,,,
-0.52303939,-0.003073231,-0.160761983,0.173052911,,-0.52303939,-0.003073231,,,,,,
-0.527720053,-0.000454943,-0.073691101,-0.038438888,,-0.527720053,-0.000454943,,,,,,
-0.532261689,0.001804025,-0.153113947,0.149049961,,-0.532261689,0.001804025,,,,,,
-0.537061156,0.004571748,-0.08718929,-0.007747442,,-0.537061156,0.004571748,,,,,,
-0.540862175,0.00511892,-0.102801418,0.034589339,,-0.540862175,0.00511892,,,,,,
-0.545920166,0.008807865,-0.149978829,0.148910789,,-0.545920166,0.008807865,,,,,,
-0.550987599,0.012620717,-0.103656562,0.044091308,,-0.550987599,0.012620717,,,,,,
-0.554868826,0.013980765,-0.090470561,0.024492395,,-0.554868826,0.013980765,,,,,,
-0.558191569,0.01452933,-0.075718336,0.003373521,,-0.558191569,0.01452933,,,,,,
-0.560495886,0.013261527,-0.039594687,-0.065979207,,-0.560495886,0.013261527,,,,,,
-0.563087213,0.01332517,-0.089746438,0.067192461,,-0.563087213,0.01332517,,,,,,
-0.566289437,0.015311226,-0.070468958,0.033038712,,-0.566289437,0.015311226,,,,,,
-0.568390373,0.015229337,-0.034699738,-0.036106772,,-0.568390373,0.015229337,,,,,,
-0.568621221,0.011422124,0.023030815,-0.15327899,,-0.568621221,0.011422124,,,,,,
-0.568881436,0.008457382,-0.035714706,0.002118327,,-0.568881436,0.008457382,,,,,,
-0.570034141,0.008079737,-0.021954596,-0.020730962,,-0.570034141,0.008079737,,,,,,
-0.570725145,0.007012524,-0.012596314,-0.032665404,,-0.570725145,0.007012524,,,,,,
-0.570281619,0.003679532,0.034666618,-0.133163871,,-0.570281619,0.003679532,,,,,,
-0.569821936,0.000760282,-0.011418971,-0.015159877,,-0.569821936,0.000760282,,,,,,
-0.570124383,-0.000147422,-0.003710959,-0.030186172,,-0.570124383,-0.000147422,,,,,,
-0.569458053,-0.003204818,0.036932322,-0.121940477,,-0.569458053,-0.003204818,,,,,,
-0.569174782,-0.005187605,-0.022481119,0.020266061,,-0.569174782,-0.005187605,,,,,,
-0.56975543,-0.005209031,-0.006620849,-0.020730945,,-0.56975543,-0.005209031,,,,,,
-0.569597262,-0.007073125,0.014480215,-0.072091583,,-0.569597262,-0.007073125,,,,,,
-0.569882406,-0.00795685,-0.028547605,0.026250065,,-0.569882406,-0.00795685,,,,,,
-0.570566601,-0.008121917,-0.005760717,-0.033645637,,-0.570566601,-0.008121917,,,,,,
-0.570480019,-0.010294514,0.010065483,-0.074819378,,-0.570480019,-0.010294514,,,,,,
-0.570686564,-0.011941696,-0.020242163,-0.008869959,,-0.570686564,-0.011941696,,,,,,
-0.571669343,-0.012070763,-0.028872437,0.002218365,,-0.571669343,-0.012070763,,,,,,
-0.574451945,-0.008362149,-0.11002354,0.181295044,,-0.574451945,-0.008362149,,,,,,
-0.576332054,-0.007326294,0.015469298,-0.124719236,,-0.576332054,-0.007326294,,,,,,
-0.577928553,-0.007100503,-0.09485349,0.13221143,,-0.577928553,-0.007100503,,,,,,
-0.580015949,-0.006046912,-0.00989719,-0.076203035,,-0.580015949,-0.006046912,,,,,,
-0.581755788,-0.005948311,-0.076827732,0.078833313,,-0.581755788,-0.005948311,,,,,,
-0.583426615,-0.00624036,-0.007000068,-0.090960119,,-0.583426615,-0.00624036,,,,,,
-0.585179193,-0.006419051,-0.080329386,0.079438875,,-0.585179193,-0.006419051,,,,,,
-0.58846076,-0.00325045,-0.083813657,0.079637674,,-0.58846076,-0.00325045,,,,,,
-0.591397377,-0.001150585,-0.063152345,0.026579994,,-0.591397377,-0.001150585,,,,,,
-0.594686792,0.001683164,-0.101225897,0.114378375,,-0.594686792,0.001683164,,,,,,
-0.59733532,0.002920798,-0.031511013,-0.049785638,,-0.59733532,0.002920798,,,,,,
-0.598878689,0.001727879,-0.045566035,-0.010687595,,-0.598878689,0.001727879,,,,,,
-0.601200727,0.002543861,-0.070447556,0.050738317,,-0.601200727,0.002543861,,,,,,
-0.60391005,0.00434417,-0.065076101,0.03981346,,-0.60391005,0.00434417,,,,,,
-0.606545938,0.006083183,-0.066742965,0.047385351,,-0.606545938,0.006083183,,,,,,
-0.608087023,0.005428036,-0.010516848,-0.078393136,,-0.608087023,0.005428036,,,,,,
-0.609352526,0.004482857,-0.05255412,0.029333652,,-0.609352526,0.004482857,,,,,,
-0.60971227,0.001656715,0.034283092,-0.168266206,,-0.60971227,0.001656715,,,,,,
-0.609655139,-0.001760444,-0.03107506,-0.005722632,,-0.609655139,-0.001760444,,,,,,
-0.611356302,-0.000911728,-0.053908713,0.047536931,,-0.611356302,-0.000911728,,,,,,
-0.612598305,-0.001187598,-0.008371401,-0.059782548,,-0.612598305,-0.001187598,,,,,,
-0.613899822,-0.001243677,-0.056504526,0.055247827,,-0.613899822,-0.001243677,,,,,,
-0.615540559,-0.000534215,-0.025674776,-0.018525621,,-0.615540559,-0.000534215,,,,,,
-0.617302002,0.000485454,-0.062268645,0.068419857,,-0.617302002,0.000485454,,,,,,
-0.619107333,0.001585467,-0.028160431,-0.011989482,,-0.619107333,0.001585467,,,,,,
-0.620836713,0.002590744,-0.058203513,0.061365512,,-0.620836713,0.002590744,,,,,,
-0.622583302,0.003697915,-0.029264472,-0.004787582,,-0.622583302,0.003697915,,,,,,
-0.62350278,0.003021673,-0.016738118,-0.028801715,,-0.62350278,0.003021673,,,,,,
-0.623417889,0.000217918,0.020898519,-0.110735899,,-0.623417889,0.000217918,,,,,,
-0.62380046,-0.001207901,-0.039742473,0.036944989,,-0.62380046,-0.001207901,,,,,,
-0.625681035,0.000921798,-0.054274578,0.069492034,,-0.625681035,0.000921798,,,,,,
-0.627279056,0.002335089,-0.025772498,0.00246697,,-0.627279056,0.002335089,,,,,,
-0.628066587,0.001934612,-0.013639336,-0.022202194,,-0.628066587,0.001934612,,,,,,
-0.628420261,0.000685997,-0.004050292,-0.040214279,,-0.628420261,0.000685997,,,,,,
-0.630024099,0.002540232,-0.075885215,0.130752966,,-0.630024099,0.002540232,,,,,,
-0.630553241,0.001841039,0.048936555,-0.161485912,,-0.630553241,0.001841039,,,,,,
-0.631101934,0.00148421,-0.075845018,0.139080151,,-0.631101934,0.00148421,,,,,,
-0.631848193,0.001602549,0.038065137,-0.129127684,,-0.631848193,0.001602549,,,,,,
-0.631726043,-8.83E-05,-0.03162788,0.041687826,,-0.631726043,-8.83E-05,,,,,,
-0.631894509,-0.00100406,0.023003021,-0.085760259,,-0.631894509,-0.00100406,,,,,,
-0.631248363,-0.003692056,0.009422521,-0.049731036,,-0.631248363,-0.003692056,,,,,,
-0.63165051,-0.003842052,-0.029369641,0.040845183,,-0.63165051,-0.003842052,,,,,,
-0.631046258,-0.006458513,0.05927432,-0.169069406,,-0.631046258,-0.006458513,,,,,,
-0.630564097,-0.008709963,-0.034734418,0.052714225,,-0.630564097,-0.008709963,,,,,,
-0.631300101,-0.008315983,-0.002218163,-0.03167678,,-0.631300101,-0.008315983,,,,,,
-0.631676637,-0.008998387,-0.016543224,-0.003016188,,-0.631676637,-0.008998387,,,,,,
-0.632476542,-0.008927008,-0.023435363,0.006454021,,-0.632476542,-0.008927008,,,,,,
-0.634261391,-0.006823534,-0.065691483,0.097783736,,-0.634261391,-0.006823534,,,,,,
-0.636039962,-0.005097068,-0.023457309,-0.009504568,,-0.636039962,-0.005097068,,,,,,
-0.638204873,-0.002656634,-0.084597352,0.129942407,,-0.638204873,-0.002656634,,,,,,
-0.640084397,-0.00113564,-0.009722956,-0.05087719,,-0.640084397,-0.00113564,,,,,,
-0.641800913,1.94E-06,-0.075856137,0.105650865,,-0.641800913,1.94E-06,,,,,,
-0.643226127,0.000379969,0.004259572,-0.083838165,,-0.643226127,0.000379969,,,,,,
-0.644488661,0.000507679,-0.067092908,0.087687074,,-0.644488661,0.000507679,,,,,,
-0.645839212,0.000841299,-0.00071234,-0.06859986,,-0.645839212,0.000841299,,,,,,
-0.646318919,-0.000728762,-0.023141387,-0.011084611,,-0.646318919,-0.000728762,,,,,,
-0.64882303,0.002554772,-0.101814271,0.173182604,,-0.64882303,0.002554772,,,,,,
-0.650611727,0.004030407,0.011883663,-0.095083763,,-0.650611727,0.004030407,,,,,,
-0.650946868,0.002328652,-0.028428268,0.008106776,,-0.650946868,0.002328652,,,,,,
-0.652496653,0.003684863,-0.049001878,0.059221043,,-0.652496653,0.003684863,,,,,,
-0.653463062,0.003763036,0.000483449,-0.053606608,,-0.653463062,0.003763036,,,,,,
-0.654019591,0.003123032,-0.028169955,0.02037205,,-0.654019591,0.003123032,,,,,,
-0.654298741,0.002019021,0.014070569,-0.074380839,,-0.654298741,0.002019021,,,,,,
-0.654583265,0.00117345,-0.028098957,0.030364657,,-0.654583265,0.00117345,,,,,,
-0.654238304,-0.001032621,0.045100361,-0.1385952,,-0.654238304,-0.001032621,,,,,,
-0.65439789,-0.001821403,-0.052658632,0.095494766,,-0.65439789,-0.001821403,,,,,,
-0.656093558,0.000935001,-0.032271937,0.04366752,,-0.656093558,0.000935001,,,,,,
-0.656795054,0.001303678,-0.002928426,-0.024142577,,-0.656795054,0.001303678,,,,,,
-0.656800069,0.000154758,0.002684956,-0.033399833,,-0.656800069,0.000154758,,,,,,
-0.657701083,0.001249318,-0.047551509,0.086560844,,-0.657701083,0.001249318,,,,,,
-0.658043774,0.001022708,0.030106716,-0.095219022,,-0.658043774,0.001022708,,,,,,
-0.658140887,0.000410539,-0.034678231,0.062133972,,-0.658140887,0.000410539,,,,,,
-0.658570206,0.000625999,0.013014069,-0.049644493,,-0.658570206,0.000625999,,,,,,
-0.658418625,-0.000401989,-0.005332934,-0.002667382,,-0.658418625,-0.000401989,,,,,,
-0.658434942,-0.000944247,0.004490817,-0.024234014,,-0.658434942,-0.000944247,,,,,,
-0.658299661,-0.001771454,0.002302164,-0.017398358,,-0.658299661,-0.001771454,,,,,,
-0.658424132,-0.001944012,-0.008477573,0.008349987,,-0.658424132,-0.001944012,,,,,,
-0.657862663,-0.003733717,0.036406973,-0.096634369,,-0.657862663,-0.003733717,,,,,,
-0.656797776,-0.006620573,0.016980521,-0.049015813,,-0.656797776,-0.006620573,,,,,,
-0.656508471,-0.007708274,-0.002417389,-0.006235559,,-0.656508471,-0.007708274,,,,,,
-0.656581709,-0.008117324,-0.001248259,-0.014185775,,-0.656581709,-0.008117324,,,,,,
-0.656754883,-0.008500008,-0.007385306,-0.005165781,,-0.656754883,-0.008500008,,,,,,
-0.657719813,-0.007258348,-0.040761738,0.066430369,,-0.657719813,-0.007258348,,,,,,
-0.658333907,-0.00715366,0.009838863,-0.059298222,,-0.658333907,-0.00715366,,,,,,
-0.658643127,-0.00791887,-0.025145979,0.019696078,,-0.658643127,-0.00791887,,,,,,
-0.658739227,-0.009397715,0.020179736,-0.092272159,,-0.658739227,-0.009397715,,,,,,
-0.659333209,-0.009852955,-0.04959207,0.067030495,,-0.659333209,-0.009852955,,,,,,
-0.660043043,-0.010375778,0.013840181,-0.090922628,,-0.660043043,-0.010375778,,,,,,
-0.661001194,-0.010537348,-0.061446359,0.080247075,,-0.661001194,-0.010537348,,,,,,
-0.661782447,-0.011501287,0.022050052,-0.125570226,,-0.661782447,-0.011501287,,,,,,
-0.66347669,-0.010539901,-0.106270225,0.169423203,,-0.66347669,-0.010539901,,,,,,
-0.665820333,-0.008568898,-0.011359203,-0.06694058,,-0.665820333,-0.008568898,,,,,,
-0.667193646,-0.009151507,-0.05711435,0.036145115,,-0.667193646,-0.009151507,,,,,,
-0.668864669,-0.009318041,-0.026568896,-0.043322492,,-0.668864669,-0.009318041,,,,,,
-0.671415709,-0.007660124,-0.100726723,0.124053941,,-0.671415709,-0.007660124,,,,,,
-0.675595343,-0.002583161,-0.10834793,0.130735823,,-0.675595343,-0.002583161,,,,,,
-0.679324336,0.001077473,-0.078310282,0.054193072,,-0.679324336,0.001077473,,,,,,
-0.682323269,0.002927111,-0.071702084,0.038899799,,-0.682323269,0.002927111,,,,,,
-0.685273541,0.004720075,-0.075829263,0.050940065,,-0.685273541,0.004720075,,,,,,
-0.687900806,0.005871655,-0.055634638,0.007528739,,-0.687900806,0.005871655,,,,,,
-0.690959388,0.008255747,-0.097167634,0.110628915,,-0.690959388,0.008255747,,,,,,
-0.693485008,0.00956064,-0.029408467,-0.042815443,,-0.693485008,0.00956064,,,,,,
-0.695398485,0.009825537,-0.066105112,0.05466409,,-0.695398485,0.009825537,,,,,,
-0.697514099,0.010928738,-0.039793316,0.001524257,,-0.697514099,0.010928738,,,,,,
-0.698918975,0.010781968,-0.030468183,-0.008732367,,-0.698918975,0.010781968,,,,,,
-0.699870705,0.010045044,-0.017139159,-0.027970876,,-0.699870705,0.010045044,,,,,,
-0.701188607,0.0106518,-0.04862426,0.057167456,,-0.701188607,0.0106518,,,,,,
-0.702328992,0.011221167,-0.008555915,-0.027311773,,-0.702328992,0.011221167,,,,,,
-0.703429555,0.012170376,-0.046320854,0.073468103,,-0.703429555,0.012170376,,,,,,
-0.702648308,0.009116901,0.08493327,-0.222345008,,-0.702648308,0.009116901,,,,,,
-0.700518576,0.003620185,0.021952191,-0.056098249,,-0.700518576,0.003620185,,,,,,
-0.701149303,0.005066289,-0.053205165,0.125981763,,-0.701149303,0.005066289,,,,,,
-0.701318412,0.005509664,0.044347578,-0.100334552,,-0.701318412,0.005509664,,,,,,
-0.699839568,0.002422864,0.029735085,-0.055309434,,-0.699839568,0.002422864,,,,,,
-0.697430256,-0.002515544,0.090598803,-0.190602979,,-0.697430256,-0.002515544,,,,,,
-0.695011971,-0.007134166,0.030666568,-0.043479298,,-0.695011971,-0.007134166,,,,,,
-0.694310096,-0.007699561,0.004540112,0.01422734,,-0.694310096,-0.007699561,,,,,,
-0.693691835,-0.0082791,0.026288467,-0.042479351,,-0.693691835,-0.0082791,,,,,,
-0.693452361,-0.008153523,-0.014160356,0.047436196,,-0.693452361,-0.008153523,,,,,,
-0.692425038,-0.010158188,0.065236623,-0.145205054,,-0.692425038,-0.010158188,,,,,,
-0.691337424,-0.012407525,-0.010504292,0.029655003,,-0.691337424,-0.012407525,,,,,,
-0.691009882,-0.013201127,0.02673164,-0.068043891,,-0.691009882,-0.013201127,,,,,,
-0.691532942,-0.012334397,-0.052594266,0.108907731,,-0.691532942,-0.012334397,,,,,,
-0.692492324,-0.010967529,0.004345316,-0.038092498,,-0.692492324,-0.010967529,,,,,,
-0.694353668,-0.007854917,-0.09707989,0.190937002,,-0.694353668,-0.007854917,,,,,,
-0.695681875,-0.00651403,0.030107507,-0.118988122,,-0.695681875,-0.00651403,,,,,,
-0.696296132,-0.006979408,-0.060443903,0.092459617,,-0.696296132,-0.006979408,,,,,,
-0.697617434,-0.006042853,-0.005874284,-0.043411314,,-0.697617434,-0.006042853,,,,,,
-0.698842134,-0.005496193,-0.055176515,0.069171478,,-0.698842134,-0.005496193,,,,,,
-0.700358021,-0.00449037,-0.020787495,-0.017381765,,-0.700358021,-0.00449037,,,,,,
-0.702470038,-0.002219468,-0.084606747,0.129201678,,-0.702470038,-0.002219468,,,,,,
-0.704715742,0.000137765,-0.027966131,-0.008792229,,-0.704715742,0.000137765,,,,,,
-0.706339363,0.001011445,-0.053128901,0.051752027,,-0.706339363,0.001011445,,,,,,
-0.707838879,0.001611632,-0.021985081,-0.020536919,,-0.707838879,0.001611632,,,,,,
-0.708272037,-0.000173947,0.00028098,-0.06839241,,-0.708272037,-0.000173947,,,,,,
-0.709171134,-0.000678881,-0.045035865,0.041401399,,-0.709171134,-0.000678881,,,,,,
-0.709873747,-0.001621796,0.009703045,-0.08682389,,-0.709873747,-0.001621796,,,,,,
-0.711274299,-0.000813718,-0.079382663,0.124239005,,-0.711274299,-0.000813718,,,,,,
-0.712558665,-0.000386813,0.014768517,-0.099461336,,-0.712558665,-0.000386813,,,,,,
-0.712574297,-0.002818598,-0.015368777,-0.023759353,,-0.712574297,-0.002818598,,,,,,
-0.714050719,-0.001746825,-0.058301847,0.076075612,,-0.714050719,-0.001746825,,,,,,
-0.715628723,-0.000550374,-0.020780197,-0.014650572,,-0.715628723,-0.000550374,,,,,,
-0.716941292,2.70E-05,-0.044761259,0.042781481,,-0.716941292,2.70E-05,,,,,,
-0.718643118,0.001517728,-0.040379852,0.03221936,,-0.718643118,0.001517728,,,,,,
-0.720215647,0.002731913,-0.038278644,0.028792901,,-0.720215647,0.002731913,,,,,,
-0.72162534,0.003650302,-0.032245806,0.017487105,,-0.72162534,0.003650302,,,,,,
-0.721999688,0.002284627,0.013379356,-0.084524203,,-0.721999688,0.002284627,,,,,,
-0.722465974,0.001409731,-0.036463285,0.038758825,,-0.722465974,0.001409731,,,,,,
-0.723719257,0.002495849,-0.026263418,0.016111011,,-0.723719257,0.002495849,,,,,,
-0.724998666,0.003736471,-0.037682721,0.045734925,,-0.724998666,0.003736471,,,,,,
-0.726509658,0.005626749,-0.037901808,0.049120564,,-0.726509658,0.005626749,,,,,,
-0.727363282,0.006123049,-0.004916441,-0.023119222,,-0.727363282,0.006123049,,,,,,
-0.728117216,0.006670959,-0.032667908,0.049545643,,-0.728117216,0.006670959,,,,,,
-0.727868977,0.005111998,0.044808472,-0.125198458,,-0.727868977,0.005111998,,,,,,
-0.727381778,0.003415478,-0.020133451,0.03759426,,-0.727381778,0.003415478,,,,,,
-0.726323269,0.000607111,0.072748291,-0.175404625,,-0.726323269,0.000607111,,,,,,
-0.725222401,-0.001948066,-0.017273078,0.043843855,,-0.725222401,-0.001948066,,,,,,
-0.727021149,0.002350953,-0.072535657,0.170104,,-0.727021149,0.002350953,,,,,,
-0.727135239,0.002523276,0.06626185,-0.156566766,,-0.727135239,0.002523276,,,,,,
-0.726457741,0.001121472,-0.03194533,0.08261543,,-0.726457741,0.001121472,,,,,,
-0.725994315,0.00031264,0.054782297,-0.120190401,,-0.725994315,0.00031264,,,,,,
-0.725671559,4.31E-05,-0.038252979,0.103317923,,-0.725671559,4.31E-05,,,,,,
-0.724618391,-0.001951676,0.090430164,-0.198948102,,-0.724618391,-0.001951676,,,,,,
-0.723958259,-0.002781657,-0.056799431,0.152031289,,-0.723958259,-0.002781657,,,,,,
-0.72338708,-0.00353888,0.084791805,-0.18501053,,-0.72338708,-0.00353888,,,,,,
-0.722369647,-0.005220479,-0.033398053,0.096376509,,-0.722369647,-0.005220479,,,,,,
-0.722187615,-0.00508651,0.042180878,-0.086912644,,-0.722187615,-0.00508651,,,,,,
-0.722410897,-0.004060157,-0.052981827,0.135120784,,-0.722410897,-0.004060157,,,,,,
-0.72271365,-0.003094521,0.037446938,-0.083375538,,-0.72271365,-0.003094521,,,,,,
-0.722209572,-0.004041505,-0.012019876,0.034074759,,-0.722209572,-0.004041505,,,,,,
-0.722249217,-0.00379087,0.00993834,-0.020674358,,-0.722249217,-0.00379087,,,,,,
-0.722315686,-0.003548474,-0.013175193,0.032054594,,-0.722315686,-0.003548474,,,,,,
-0.721486833,-0.005510627,0.054382217,-0.128171731,,-0.721486833,-0.005510627,,,,,,
-0.720187591,-0.008523667,0.010822798,-0.024650732,,-0.720187591,-0.008523667,,,,,,
-0.71964112,-0.009876451,0.016498939,-0.042996596,,-0.71964112,-0.009876451,,,,,,
-0.720475088,-0.008202901,-0.057940914,0.124510725,,-0.720475088,-0.008202901,,,,,,
-0.721473902,-0.006560787,0.007683937,-0.039617904,,-0.721473902,-0.006560787,,,,,,
-0.721866033,-0.006555842,-0.027154031,0.038692743,,-0.721866033,-0.006555842,,,,,,
-0.722427026,-0.006368315,-0.001014129,-0.028279503,,-0.722427026,-0.006368315,,,,,,
-0.721826322,-0.009059271,0.030972726,-0.105667541,,-0.721826322,-0.009059271,,,,,,
-0.721366462,-0.011487869,-0.007774778,-0.017583938,,-0.721366462,-0.011487869,,,,,,
-0.721659707,-0.01239528,-0.006883872,-0.027825918,,-0.721659707,-0.01239528,,,,,,
-0.722744663,-0.011780178,-0.047226857,0.057427319,,-0.722744663,-0.011780178,,,,,,
-0.723865149,-0.011528875,-0.00897435,-0.043310533,,-0.723865149,-0.011528875,,,,,,
-0.725500179,-0.01040843,-0.072554984,0.097454098,,-0.725500179,-0.01040843,,,,,,
-0.727819884,-0.008136087,-0.043613143,0.017815698,,-0.727819884,-0.008136087,,,,,,
-0.729662926,-0.007329948,-0.048545989,0.022582244,,-0.729662926,-0.007329948,,,,,,
-0.731245986,-0.007394641,-0.030686761,-0.025120425,,-0.731245986,-0.007394641,,,,,,
-0.733745581,-0.00549842,-0.09408358,0.118176939,,-0.733745581,-0.00549842,,,,,,
-0.737366278,-0.001297714,-0.08708137,0.093095597,,-0.737366278,-0.001297714,,,,,,
-0.740258072,0.000951255,-0.057680247,0.020895364,,-0.740258072,0.000951255,,,,,,
-0.743889389,0.004916001,-0.123700862,0.175842165,,-0.743889389,0.004916001,,,,,,
-0.747485662,0.008722628,-0.056467796,0.017643209,,-0.747485662,0.008722628,,,,,,
-0.750302101,0.010907873,-0.084275338,0.090977911,,-0.750302101,0.010907873,,,,,,
-0.751858058,0.010432264,0.006133935,-0.111818106,,-0.751858058,0.010432264,,,,,,
-0.752837843,0.009167443,-0.054827182,0.045966003,,-0.752837843,0.009167443,,,,,,
-0.754728002,0.010448253,-0.039757221,0.018751319,,-0.754728002,0.010448253,,,,,,
-0.75660459,0.012072488,-0.054033884,0.062152645,,-0.75660459,0.012072488,,,,,,
-0.757340423,0.011407594,0.016984399,-0.093204622,,-0.757340423,0.011407594,,,,,,
-0.757122267,0.009096335,-0.005911833,-0.023862311,,-0.757122267,0.009096335,,,,,,
-0.757949429,0.009748201,-0.035325389,0.05541077,,-0.757949429,0.009748201,,,,,,
-0.758580664,0.010285902,0.003606855,-0.02717375,,-0.758580664,0.010285902,,,,,,
-0.757695301,0.007710482,0.040584689,-0.101017484,,-0.757695301,0.007710482,,,,,,
-0.757342191,0.006922335,-0.022638351,0.059060858,,-0.757342191,0.006922335,,,,,,
-0.756491563,0.005267412,0.064859762,-0.139180347,,-0.756491563,0.005267412,,,,,,
-0.754789522,0.002061738,0.020507367,-0.023487857,,-0.754789522,0.002061738,,,,,,
-0.753947018,0.001162935,0.021638826,-0.021662457,,-0.753947018,0.001162935,,,,,,
-0.75241868,-0.001182102,0.054699669,-0.094974654,,-0.75241868,-0.001182102,,,,,,
-0.751095422,-0.002848344,0.011678943,0.009754272,,-0.751095422,-0.002848344,,,,,,
-0.749362309,-0.00545603,0.074775167,-0.138460024,,-0.749362309,-0.00545603,,,,,,
-0.74708922,-0.009239489,0.039107457,-0.052775389,,-0.74708922,-0.009239489,,,,,,
-0.74635751,-0.00948474,-0.002356181,0.039084772,,-0.74635751,-0.00948474,,,,,,
-0.746023164,-0.009109503,0.018966464,-0.019376333,,-0.746023164,-0.009109503,,,,,,
-0.744528941,-0.011724801,0.055643277,-0.110567247,,-0.744528941,-0.011724801,,,,,,
-0.743841055,-0.012615671,-0.020927371,0.063235952,,-0.743841055,-0.012615671,,,,,,
-0.743176803,-0.013870073,0.053845923,-0.123429318,,-0.743176803,-0.013870073,,,,,,
-0.742205722,-0.016133618,-0.005014441,0.007815807,,-0.742205722,-0.016133618,,,,,,
-0.742750233,-0.015289297,-0.022179732,0.034171839,,-0.742750233,-0.015289297,,,,,,
-0.744191408,-0.012910239,-0.049838504,0.084511051,,-0.744191408,-0.012910239,,,,,,
-0.745520212,-0.011380934,-0.016787905,-0.006379396,,-0.745520212,-0.011380934,,,,,,
-0.745838827,-0.012634953,0.000800128,-0.055845612,,-0.745838827,-0.012634953,,,,,,
-0.746376966,-0.013677205,-0.02758151,0.002637661,,-0.746376966,-0.013677205,,,,,,
-0.747954107,-0.01268505,-0.051217535,0.046511759,,-0.747954107,-0.01268505,,,,,,
-0.750083232,-0.010886658,-0.055278282,0.04381205,,-0.750083232,-0.010886658,,,,,,
-0.753197933,-0.00723187,-0.100367809,0.1382634,,-0.753197933,-0.00723187,,,,,,
-0.755781,-0.00530031,-0.029130203,-0.038647077,,-0.755781,-0.00530031,,,,,,
-0.758772269,-0.002594841,-0.120126004,0.171336917,,-0.758772269,-0.002594841,,,,,,
-0.762250085,0.000955489,-0.054118801,0.009331764,,-0.762250085,0.000955489,,,,,,
-0.764881266,0.002460186,-0.077375394,0.065376396,,-0.764881266,0.002460186,,,,,,
-0.767731055,0.004509248,-0.065205343,0.03791154,,-0.767731055,0.004509248,,,,,,
-0.77043053,0.006314043,-0.069782352,0.052485328,,-0.77043053,0.006314043,,,,,,
-0.773282384,0.008648036,-0.072840215,0.064519331,,-0.773282384,0.008648036,,,,,,
-0.776438369,0.011919865,-0.084969663,0.099232067,,-0.776438369,0.011919865,,,,,,
-0.779076878,0.014255663,-0.04714639,0.019243137,,-0.779076878,0.014255663,,,,,,
-0.781486366,0.016525015,-0.073250442,0.093588418,,-0.781486366,0.016525015,,,,,,
-0.783700221,0.018829021,-0.037616837,0.023150628,,-0.783700221,0.018829021,,,,,,
-0.78375148,0.016703454,0.034833321,-0.12760388,,-0.78375148,0.016703454,,,,,,
-0.784255857,0.016514055,-0.05963431,0.114487329,,-0.784255857,0.016514055,,,,,,
-0.78510893,0.017720465,0.016663974,-0.051426683,,-0.78510893,0.017720465,,,,,,
-0.78401584,0.015073648,0.037990124,-0.081006269,,-0.78401584,0.015073648,,,,,,
-0.783079795,0.013591707,0.008988043,0.005324178,,-0.783079795,0.013591707,,,,,,
-0.781742667,0.011789511,0.057730294,-0.094307918,,-0.781742667,0.011789511,,,,,,
-0.780473778,0.010798977,0.005967973,0.042540163,,-0.780473778,0.010798977,,,,,,
-0.778143443,0.007785773,0.110206835,-0.190335416,,-0.778143443,0.007785773,,,,,,
-0.774238423,0.001721245,0.085297961,-0.115254855,,-0.774238423,0.001721245,,,,,,
-0.771897595,-0.000198443,0.032011093,0.016901909,,-0.771897595,-0.000198443,,,,,,
-0.769484219,-0.002167191,0.088472544,-0.113790081,,-0.769484219,-0.002167191,,,,,,
-0.766903098,-0.004366775,0.040829159,0.00163227,,-0.766903098,-0.004366775,,,,,,
-0.76513924,-0.004659017,0.047339909,-0.016041857,,-0.76513924,-0.004659017,,,,,,
-0.762668348,-0.006691768,0.076128658,-0.084985036,,-0.762668348,-0.006691768,,,,,,
-0.760440373,-0.008181481,0.035464583,0.008787819,,-0.760440373,-0.008181481,,,,,,
-0.758987252,-0.008039727,0.037172256,-0.001520656,,-0.758987252,-0.008039727,,,,,,
-0.756774193,-0.009917521,0.073365963,-0.091414984,,-0.756774193,-0.009917521,,,,,,
-0.755448763,-0.009861524,-0.006777482,0.091487587,,-0.755448763,-0.009861524,,,,,,
-0.755329252,-0.007362081,0.012605,0.03484071,,-0.755329252,-0.007362081,,,,,,
-0.752422495,-0.011738047,0.132331824,-0.250277217,,-0.752422495,-0.011738047,,,,,,
-0.750543739,-0.013677079,-0.037663659,0.146979208,,-0.750543739,-0.013677079,,,,,,
-0.750584392,-0.011604447,0.03526756,-0.040132537,,-0.750584392,-0.011604447,,,,,,
-0.749228677,-0.013222322,0.03255273,-0.041085707,,-0.749228677,-0.013222322,,,,,,
-0.748483285,-0.013731641,0.004826733,0.014674589,,-0.748483285,-0.013731641,,,,,,
-0.74878096,-0.012231896,-0.019660693,0.05993813,,-0.74878096,-0.012231896,,,,,,
-0.748643549,-0.01225477,0.026328141,-0.059310089,,-0.748643549,-0.01225477,,,,,,
-0.749587344,-0.010082334,-0.073173384,0.165021481,,-0.749587344,-0.010082334,,,,,,
-0.750329988,-0.008923742,0.0355562,-0.102854851,,-0.750329988,-0.008923742,,,,,,
-0.750744583,-0.008761933,-0.055923416,0.107825181,,-0.750744583,-0.008761933,,,,,,
-0.752161535,-0.00661159,-0.015150662,0.001716177,,-0.752161535,-0.00661159,,,,,,
-0.752898991,-0.006327704,-0.02170846,0.01237438,,-0.752898991,-0.006327704,,,,,,
-0.753569717,-0.006394171,-0.011873169,-0.015300396,,-0.753569717,-0.006394171,,,,,,
-0.754173434,-0.006775612,-0.018284028,-0.004021537,,-0.754173434,-0.006775612,,,,,,
-0.755591352,-0.005417714,-0.052509265,0.07107067,,-0.755591352,-0.005417714,,,,,,
-0.756586833,-0.005305752,0.00250127,-0.063440925,,-0.756586833,-0.005305752,,,,,,
-0.757362915,-0.005792241,-0.041119824,0.037505161,,-0.757362915,-0.005792241,,,,,,
-0.759201868,-0.003951612,-0.050835604,0.054646547,,-0.759201868,-0.003951612,,,,,,
-0.760050794,-0.004639268,0.008159204,-0.087053907,,-0.760050794,-0.004639268,,,,,,
-0.760953813,-0.005206045,-0.053049499,0.05645138,,-0.760953813,-0.005206045,,,,,,
-0.762986087,-0.003281383,-0.04863124,0.040415544,,-0.762986087,-0.003281383,,,,,,
-0.764231994,-0.003374605,-0.013807423,-0.043837279,,-0.764231994,-0.003374605,,,,,,
-0.766165745,-0.001877668,-0.082633626,0.116593144,,-0.766165745,-0.001877668,,,,,,
-0.768587483,0.000591852,-0.038690829,0.008999541,,-0.768587483,0.000591852,,,,,,
-0.770656803,0.002206384,-0.064702012,0.07113177,,-0.770656803,0.002206384,,,,,,
-0.77256604,0.003459129,-0.030922141,-0.007065313,,-0.77256604,0.003459129,,,,,,
-0.774718988,0.005424311,-0.076575292,0.104070069,,-0.774718988,0.005424311,,,,,,
-0.777253848,0.008372929,-0.050333495,0.044857521,,-0.777253848,0.008372929,,,,,,
-0.778794366,0.009197894,-0.026794357,-0.002722305,,-0.778794366,0.009197894,,,,,,
-0.780016353,0.009643497,-0.034269525,0.024690609,,-0.780016353,0.009643497,,,,,,
-0.780889936,0.009648817,-0.009496098,-0.023693724,,-0.780889936,0.009648817,,,,,,
-0.780987256,0.008271626,0.004619103,-0.045122571,,-0.780987256,0.008271626,,,,,,
-0.782518052,0.010715218,-0.080849145,0.164672683,,-0.782518052,0.010715218,,,,,,
-0.782688007,0.01018199,0.071753278,-0.186192977,,-0.782688007,0.01018199,,,,,,
-0.782651683,0.009783013,-0.069331663,0.160979922,,-0.782651683,0.009783013,,,,,,
-0.782804363,0.010127508,0.061168725,-0.139190333,,-0.782804363,0.010127508,,,,,,
-0.783097779,0.011339807,-0.075289486,0.195063357,,-0.783097779,0.011339807,,,,,,
-0.78309778,0.012125332,0.07467233,-0.150451872,,-0.78309778,0.012125332,,,,,,
-0.780990795,0.008577228,0.03095633,-0.029482019,,-0.780990795,0.008577228,,,,,,
-0.780296105,0.00889015,0.003896345,0.044098498,,-0.780296105,0.00889015,,,,,,
-0.779063753,0.00828074,0.057529171,-0.072939186,,-0.779063753,0.00828074,,,,,,
-0.777125258,0.006470883,0.039524609,-0.018730421,,-0.777125258,0.006470883,,,,,,
-0.775050785,0.004734394,0.06414871,-0.0677148,,-0.775050785,0.004734394,,,,,,
-0.772375294,0.001956586,0.069675435,-0.071684375,,-0.772375294,0.001956586,,,,,,
-0.770033042,0.000271718,0.047571599,-0.013769357,,-0.770033042,0.000271718,,,,,,
-0.768180858,-0.000110492,0.045059326,-0.00554171,,-0.768180858,-0.000110492,,,,,,
-0.766188848,-0.000742151,0.054518864,-0.025866557,,-0.766188848,-0.000742151,,,,,,
-0.762541547,-0.005169238,0.127647822,-0.19388638,,-0.762541547,-0.005169238,,,,,,
-0.758688485,-0.009854093,0.065364105,-0.043571155,,-0.758688485,-0.009854093,,,,,,
-0.755440063,-0.013187659,0.09699171,-0.122615402,,-0.755440063,-0.013187659,,,,,,
-0.751098591,-0.01925973,0.120109306,-0.181364091,,-0.751098591,-0.01925973,,,,,,
-0.747936378,-0.022804202,0.038395321,0.000675147,,-0.747936378,-0.022804202,,,,,,
-0.747214815,-0.021259192,-0.002214765,0.075759848,,-0.747214815,-0.021259192,,,,,,
-0.746086065,-0.021518718,0.058382157,-0.086377137,,-0.746086065,-0.021518718,,,,,,
-0.744235297,-0.024114893,0.034287613,-0.044602698,,-0.744235297,-0.024114893,,,,,,
-0.744354273,-0.02277455,-0.039992923,0.109580156,,-0.744354273,-0.02277455,,,,,,
-0.744899283,-0.021362927,0.012465888,-0.036538195,,-0.744899283,-0.021362927,,,,,,
-0.74533827,-0.020952592,-0.034259571,0.055748928,,-0.74533827,-0.020952592,,,,,,
-0.746628407,-0.019322629,-0.030327108,0.026510308,,-0.746628407,-0.019322629,,,,,,
-0.748102269,-0.018003252,-0.043366817,0.039525543,,-0.748102269,-0.018003252,,,,,,
-0.750393347,-0.015459836,-0.071153606,0.087443845,,-0.750393347,-0.015459836,,,,,,
-0.752236929,-0.014654517,-0.021267822,-0.045040246,,-0.752236929,-0.014654517,,,,,,
-0.754078679,-0.014326792,-0.070642009,0.059917714,,-0.754078679,-0.014326792,,,,,,
-0.757029017,-0.011932526,-0.076921207,0.060275827,,-0.757029017,-0.011932526,,,,,,
-0.76041541,-0.009047108,-0.092414876,0.084225293,,-0.76041541,-0.009047108,,,,,,
-0.76389308,-0.006413465,-0.081583457,0.048528084,,-0.76389308,-0.006413465,,,,,,
-0.767713806,-0.00330367,-0.109416102,0.106729261,,-0.767713806,-0.00330367,,,,,,
-0.771868603,0.000305707,-0.098453586,0.074956481,,-0.771868603,0.000305707,,,,,,
-0.776195752,0.004174463,-0.117909575,0.118625689,,-0.776195752,0.004174463,,,,,,
-0.779904979,0.006545062,-0.06780424,0.002137616,,-0.779904979,0.006545062,,,,,,
-0.784172402,0.010423112,-0.14532483,0.189760343,,-0.784172402,0.010423112,,,,,,
-0.788323312,0.014146587,-0.062630203,2.66E-05,,-0.788323312,0.014146587,,,,,,
-0.791181615,0.015265559,-0.080216414,0.055334405,,-0.791181615,0.015265559,,,,,,
-0.794100076,0.017053466,-0.065783698,0.034746698,,-0.794100076,0.017053466,,,,,,
-0.79615672,0.017405485,-0.037148675,-0.016299377,,-0.79615672,0.017405485,,,,,,
-0.798237487,0.018514351,-0.066766942,0.070681137,,-0.798237487,0.018514351,,,,,,
-0.800632032,0.020993035,-0.05304578,0.054024182,,-0.800632032,0.020993035,,,,,,
-0.802323103,0.022506005,-0.031599544,0.022421605,,-0.802323103,0.022506005,,,,,,
-0.803086422,0.022651529,-0.006639216,-0.01454893,,-0.803086422,0.022651529,,,,,,
-0.802824441,0.021295993,0.019694498,-0.052919868,,-0.802824441,0.021295993,,,,,,
-0.802246932,0.020148423,0.009281417,-0.005391549,,-0.802246932,0.020148423,,,,,,
-0.802218627,0.021142739,-0.007788704,0.054429983,,-0.802218627,0.021142739,,,,,,
-0.800288144,0.018431621,0.103948105,-0.186928871,,-0.800288144,0.018431621,,,,,,
-0.796997502,0.013548188,0.060899238,-0.0601276,,-0.796997502,0.013548188,,,,,,
-0.79336788,0.008688356,0.120469556,-0.182036254,,-0.79336788,0.008688356,,,,,,
-0.789230339,0.003380838,0.086681674,-0.085862184,,-0.789230339,0.003380838,,,,,,
-0.784780603,-0.002174286,0.135737377,-0.191456404,,-0.784780603,-0.002174286,,,,,,
-0.781396464,-0.004852534,0.03394894,0.053332671,,-0.781396464,-0.004852534,,,,,,
-0.77853067,-0.006365516,0.109061952,-0.126604866,,-0.77853067,-0.006365516,,,,,,
-0.775040211,-0.00934266,0.065701126,-0.024396381,,-0.775040211,-0.00934266,,,,,,
-0.772183472,-0.010970338,0.077115558,-0.056841791,,-0.772183472,-0.010970338,,,,,,
-0.768869553,-0.013893748,0.088587227,-0.089447995,,-0.768869553,-0.013893748,,,,,,
-0.766622682,-0.014566701,0.024020579,0.05351729,,-0.766622682,-0.014566701,,,,,,
-0.764209247,-0.016121451,0.096371141,-0.128854747,,-0.764209247,-0.016121451,,,,,,
-0.761388853,-0.018985345,0.044906326,-0.016617322,,-0.761388853,-0.018985345,,,,,,
-0.760643003,-0.017490666,-0.007456748,0.090055514,,-0.760643003,-0.017490666,,,,,,
-0.760349265,-0.01565904,0.021959302,0.003191202,,-0.760349265,-0.01565904,,,,,,
-0.759429543,-0.01588883,0.024004469,-0.014472021,,-0.759429543,-0.01588883,,,,,,
-0.759686115,-0.013863789,-0.036649785,0.114210532,,-0.759686115,-0.013863789,,,,,,
-0.760168495,-0.011941677,0.012269145,-0.015774347,,-0.760168495,-0.011941677,,,,,,
-0.758967253,-0.014409857,0.04768942,-0.10678718,,-0.758967253,-0.014409857,,,,,,
-0.758398424,-0.01566934,-0.018962328,0.041331425,,-0.758398424,-0.01566934,,,,,,
-0.759169888,-0.014285728,-0.019658852,0.028320309,,-0.759169888,-0.014285728,,,,,,
-0.761255217,-0.010370872,-0.084448553,0.166162825,,-0.761255217,-0.010370872,,,,,,
-0.762936839,-0.008029835,-4.48E-05,-0.045471935,,-0.762936839,-0.008029835,,,,,,
-0.764124041,-0.007141579,-0.059101489,0.088068012,,-0.764124041,-0.007141579,,,,,,
-0.765591751,-0.005910312,-0.014503083,-0.024570843,,-0.765591751,-0.005910312,,,,,,
-0.767497901,-0.003839068,-0.080585906,0.126301976,,-0.767497901,-0.003839068,,,,,,
-0.769244443,-0.002417306,-0.007079022,-0.052253462,,-0.769244443,-0.002417306,,,,,,
-0.770933559,-0.001173339,-0.077118165,0.112248403,,-0.770933559,-0.001173339,,,,,,
-0.772475159,-0.000405411,-0.000294712,-0.070954958,,-0.772475159,-0.000405411,,,,,,
-0.773257193,-0.001342691,-0.038626163,0.022501714,,-0.773257193,-0.001342691,,,,,,
-0.774453697,-0.00127646,-0.021271502,-0.018562452,,-0.774453697,-0.00127646,,,,,,
-0.776186519,7.37E-05,-0.065219203,0.084805197,,-0.776186519,7.37E-05,,,,,,
-0.778323865,0.002306093,-0.041793147,0.028120549,,-0.778323865,0.002306093,,,,,,
-0.779843119,0.003117773,-0.034213862,0.012860967,,-0.779843119,0.003117773,,,,,,
-0.781303819,0.003922832,-0.038814071,0.027343958,,-0.781303819,0.003922832,,,,,,
-0.783371668,0.006298481,-0.064519238,0.090979056,,-0.783371668,0.006298481,,,,,,
-0.784676876,0.007001928,-0.001007556,-0.05349733,,-0.784676876,0.007001928,,,,,,
-0.786218635,0.008594249,-0.075797143,0.13069181,,-0.786218635,0.008594249,,,,,,
-0.787283415,0.009267439,0.022153878,-0.093535475,,-0.787283415,0.009267439,,,,,,
-0.786051196,0.005012617,0.03949814,-0.119684582,,-0.786051196,0.005012617,,,,,,
-0.785311282,0.002439389,-0.002262799,-0.011124868,,-0.785311282,0.002439389,,,,,,
-0.785236459,0.001693981,0.005992675,-0.026073144,,-0.785236459,0.001693981,,,,,,
-0.785548587,0.002032622,-0.021489161,0.042058309,,-0.785548587,0.002032622,,,,,,
-0.785408733,0.001398075,0.028296727,-0.072206132,,-0.785408733,0.001398075,,,,,,
-0.78553643,0.00159165,-0.034423865,0.07965632,,-0.78553643,0.00159165,,,,,,
-0.784843335,-9.42E-05,0.068697615,-0.160703066,,-0.784843335,-9.42E-05,,,,,,
-0.783978086,-0.001916961,-0.02500589,0.065806533,,-0.783978086,-0.001916961,,,,,,
-0.784590112,-0.000266629,-0.005712907,0.017767749,,-0.784590112,-0.000266629,,,,,,
-0.784840262,0.000502211,-0.006805721,0.020788191,,-0.784840262,0.000502211,,,,,,
-0.783531697,-0.002351522,0.071978217,-0.16133863,,-0.783531697,-0.002351522,,,,,,
-0.782112425,-0.00523113,-0.000650907,0.014141534,,-0.782112425,-0.00523113,,,,,,
-0.781997705,-0.00507536,0.0063497,-0.006021643,,-0.781997705,-0.00507536,,,,,,
-0.781246034,-0.006538747,0.031160575,-0.066545996,,-0.781246034,-0.006538747,,,,,,
-0.78085919,-0.007207709,-0.011633754,0.031491738,,-0.78085919,-0.007207709,,,,,,
-0.780635189,-0.007697458,0.022696222,-0.054793281,,-0.780635189,-0.007697458,,,,,,
-0.780646848,-0.007789324,-0.023097034,0.048631539,,-0.780646848,-0.007789324,,,,,,
-0.779727044,-0.010326325,0.068758709,-0.172697273,,-0.779727044,-0.010326325,,,,,,
-0.778270687,-0.014183991,0.004400697,-0.02322168,,-0.778270687,-0.014183991,,,,,,
-0.778813066,-0.013636036,-0.031402157,0.049636136,,-0.778813066,-0.013636036,,,,,,
-0.780521626,-0.010861728,-0.054012858,0.089054652,,-0.780521626,-0.010861728,,,,,,
-0.781496211,-0.010338814,0.005016367,-0.060570267,,-0.781496211,-0.010338814,,,,,,
-0.782334152,-0.010425415,-0.046710625,0.054497303,,-0.782334152,-0.010425415,,,,,,
-0.784832229,-0.006987491,-0.078154696,0.117165293,,-0.784832229,-0.006987491,,,,,,
-0.78657676,-0.005756515,-0.009390032,-0.052825446,,-0.78657676,-0.005756515,,,,,,
-0.78752208,-0.006555518,-0.03774667,0.011743159,,-0.78752208,-0.006555518,,,,,,
-0.789192321,-0.005812033,-0.045756163,0.025377542,,-0.789192321,-0.005812033,,,,,,
-0.791249411,-0.004367808,-0.057090432,0.046808268,,-0.791249411,-0.004367808,,,,,,
-0.794164597,-0.001113609,-0.088617388,0.115542555,,-0.794164597,-0.001113609,,,,,,
-0.795928193,-0.000773771,6.58E-05,-0.095328166,,-0.795928193,-0.000773771,,,,,,
-0.797316639,-0.00121306,-0.069192045,0.07079058,,-0.797316639,-0.00121306,,,,,,
-0.800077215,0.001537354,-0.068900253,0.067347971,,-0.800077215,0.001537354,,,,,,
-0.803193408,0.005064716,-0.086911492,0.109123221,,-0.803193408,0.005064716,,,,,,
-0.805796338,0.007394458,-0.043457969,0.009339605,,-0.805796338,0.007394458,,,,,,
-0.806767084,0.006126711,-0.005195141,-0.0717706,,-0.806767084,0.006126711,,,,,,
-0.807883075,0.005600886,-0.05039583,0.043650467,,-0.807883075,0.005600886,,,,,,
-0.809543963,0.006603987,-0.032734218,0.007259322,,-0.809543963,0.006603987,,,,,,
-0.811121977,0.007668365,-0.046124419,0.04561002,,-0.811121977,0.007668365,,,,,,
-0.812412725,0.008318966,-0.018528578,-0.012078155,,-0.812412725,0.008318966,,,,,,
-0.813278224,0.008323234,-0.024707348,0.011939172,,-0.813278224,0.008323234,,,,,,
-0.814382612,0.009244182,-0.030495567,0.033974097,,-0.814382612,0.009244182,,,,,,
-0.815506603,0.010544265,-0.025738342,0.031343273,,-0.815506603,0.010544265,,,,,,
-0.816124598,0.011026097,-0.005239978,-0.006578488,,-0.816124598,0.011026097,,,,,,
-0.815871712,0.009919617,0.017832148,-0.048341917,,-0.815871712,0.009919617,,,,,,
-0.816273816,0.010861908,-0.037714411,0.093535737,,-0.816273816,0.010861908,,,,,,
-0.816134506,0.010876774,0.044359272,-0.090038119,,-0.816134506,0.010876774,,,,,,
-0.814584931,0.008125267,0.033245179,-0.048713611,,-0.814584931,0.008125267,,,,,,
-0.814626231,0.009619237,-0.035049822,0.121184613,,-0.814626231,0.009619237,,,,,,
-0.813798231,0.009324929,0.076015379,-0.132167343,,-0.813798231,0.009324929,,,,,,
-0.811941804,0.007150824,0.01711276,0.020736541,,-0.811941804,0.007150824,,,,,,
-0.809613808,0.004270577,0.099028462,-0.162597689,,-0.809613808,0.004270577,,,,,,
-0.807894834,0.003296535,-0.012590406,0.109629687,,-0.807894834,0.003296535,,,,,,
-0.80546726,0.000792512,0.133432947,-0.230263854,,-0.80546726,0.000792512,,,,,,
-0.801951657,-0.003867487,0.042829738,-0.007030795,,-0.801951657,-0.003867487,,,,,,
-0.799563074,-0.005764362,0.076501248,-0.087008935,,-0.799563074,-0.005764362,,,,,,
-0.797275251,-0.007421186,0.038080265,0.002486223,,-0.797275251,-0.007421186,,,,,,
-0.794959577,-0.009286788,0.077575691,-0.094700381,,-0.794959577,-0.009286788,,,,,,
-0.793223772,-0.009914154,0.009498499,0.060872702,,-0.793223772,-0.009914154,,,,,,
-0.791989598,-0.009694962,0.052019029,-0.048241741,,-0.791989598,-0.009694962,,,,,,
-0.790235919,-0.010956257,0.035749691,-0.015575722,,-0.790235919,-0.010956257,,,,,,
-0.788678613,-0.012032346,0.04210134,-0.038118493,,-0.788678613,-0.012032346,,,,,,
-0.787656089,-0.012158577,0.009149062,0.030745567,,-0.787656089,-0.012158577,,,,,,
-0.787183785,-0.011402477,0.014412831,0.007555588,,-0.787183785,-0.011402477,,,,,,
-0.786193062,-0.012257481,0.035044617,-0.049632339,,-0.786193062,-0.012257481,,,,,,
-0.785493817,-0.012740473,5.81E-05,0.024272304,,-0.785493817,-0.012740473,,,,,,
-0.78490763,-0.013366086,0.029130834,-0.054510249,,-0.78490763,-0.013366086,,,,,,
-0.785162943,-0.012377429,-0.041644259,0.101803969,,-0.785162943,-0.012377429,,,,,,
-0.785498202,-0.011724234,0.02457939,-0.066500576,,-0.785498202,-0.011724234,,,,,,
-0.785722662,-0.011671419,-0.035569997,0.067148668,,-0.785722662,-0.011671419,,,,,,
-0.787176763,-0.009165249,-0.03719942,0.058794735,,-0.787176763,-0.009165249,,,,,,
-0.787890129,-0.008826728,0.001354577,-0.04032179,,-0.787890129,-0.008826728,,,,,,
-0.789353749,-0.006973664,-0.07427694,0.130795113,,-0.789353749,-0.006973664,,,,,,
-0.791725143,-0.003379162,-0.044504635,0.050861295,,-0.791725143,-0.003379162,,,,,,
-0.793820442,-0.00069028,-0.060259338,0.083645221,,-0.793820442,-0.00069028,,,,,,
-0.795299109,0.000404395,-0.013888492,-0.027031065,,-0.795299109,0.000404395,,,,,,
-0.796816866,0.001643504,-0.061827631,0.087530096,,-0.796816866,0.001643504,,,,,,
-0.798592106,0.003480377,-0.027114692,0.005913853,,-0.798592106,0.003480377,,,,,,
-0.799263178,0.002836643,-0.006501877,-0.037579974,,-0.799263178,0.002836643,,,,,,
-0.800081049,0.002761833,-0.034269598,0.032775009,,-0.800081049,0.002761833,,,,,,
-0.801417842,0.00404087,-0.03260006,0.031462288,,-0.801417842,0.00404087,,,,,,
-0.803408641,0.006981016,-0.066858295,0.114905428,,-0.803408641,0.006981016,,,,,,
-0.804757083,0.008511543,-0.000858535,-0.035805366,,-0.804757083,0.008511543,,,,,,
-0.805305621,0.008508037,-0.026449119,0.034583058,,-0.805305621,0.008508037,,,,,,
-0.80646812,0.010287735,-0.03168101,0.054476515,,-0.80646812,0.010287735,,,,,,
-0.805738352,0.007951921,0.067830521,-0.16841164,,-0.805738352,0.007951921,,,,,,
-0.805229754,0.006730919,-0.041908455,0.103058884,,-0.805229754,0.006730919,,,,,,
-0.805285499,0.007104722,0.038792234,-0.081527485,,-0.805285499,0.007104722,,,,,,
-0.804220385,0.005228856,0.01461776,-0.013660999,,-0.804220385,0.005228856,,,,,,
-0.804075836,0.005854533,-0.007304986,0.044212417,,-0.804075836,0.005854533,,,,,,
-0.803312405,0.005242566,0.04528463,-0.073177847,,-0.803312405,0.005242566,,,,,,
-0.802365423,0.004543079,0.002266831,0.03642532,,-0.802365423,0.004543079,,,,,,
-0.801029719,0.003159759,0.064303492,-0.103777131,,-0.801029719,0.003159759,,,,,,
-0.799906545,0.002599135,-0.007828715,0.072991099,,-0.799906545,0.002599135,,,,,,
-0.798872035,0.002364571,0.059289406,-0.082441714,,-0.798872035,0.002364571,,,,,,
-0.798059021,0.002877556,-0.018325648,0.105390919,,-0.798059021,0.002877556,,,,,,
-0.796152537,0.000884021,0.113161061,-0.200897739,,-0.796152537,0.000884021,,,,,,
-0.79397352,-0.001398176,-0.003674016,0.082089646,,-0.79397352,-0.001398176,,,,,,
-0.793138773,-0.000494292,0.045190055,-0.034959516,,-0.793138773,-0.000494292,,,,,,
-0.791170556,-0.002211428,0.053228631,-0.051010133,,-0.791170556,-0.002211428,,,,,,
-0.788679619,-0.005056984,0.071308199,-0.091252007,,-0.788679619,-0.005056984,,,,,,
-0.787176366,-0.005514623,0.004136518,0.065924218,,-0.787176366,-0.005514623,,,,,,
-0.785925321,-0.005559769,0.058189199,-0.066217671,,-0.785925321,-0.005559769,,,,,,
-0.784665141,-0.005711043,0.005036555,0.056781883,,-0.784665141,-0.005711043,,,,,,
-0.782910226,-0.007212261,0.08241958,-0.129370933,,-0.782910226,-0.007212261,,,,,,
-0.781653692,-0.007575714,-0.019174274,0.107578085,,-0.781653692,-0.007575714,,,,,,
-0.779523318,-0.010280289,0.125152536,-0.238195683,,-0.779523318,-0.010280289,,,,,,
-0.776696321,-0.014615948,0.016731586,0.01670066,,-0.776696321,-0.014615948,,,,,,
-0.77583944,-0.014642765,0.026056957,-0.017542636,,-0.77583944,-0.014642765,,,,,,
-0.77543537,-0.014069825,-0.005753611,0.045359975,,-0.77543537,-0.014069825,,,,,,
-0.774909359,-0.014301713,0.031887657,-0.055501452,,-0.774909359,-0.014301713,,,,,,
-0.773769397,-0.016379389,0.025168283,-0.048915827,,-0.773769397,-0.016379389,,,,,,
-0.773722673,-0.016307161,-0.022657314,0.051039578,,-0.773722673,-0.016307161,,,,,,
-0.775032403,-0.013642188,-0.04282739,0.082282639,,-0.775032403,-0.013642188,,,,,,
-0.776015947,-0.012365022,-0.006544488,-0.016689484,,-0.776015947,-0.012365022,,,,,,
-0.777230991,-0.010978791,-0.054058829,0.084764246,,-0.777230991,-0.010978791,,,,,,
-0.778542785,-0.009839492,-0.011743684,-0.025916084,,-0.778542785,-0.009839492,,,,,,
-0.77971353,-0.009357369,-0.046672179,0.048997036,,-0.77971353,-0.009357369,,,,,,
-0.781911447,-0.006813787,-0.063224367,0.078263872,,-0.781911447,-0.006813787,,,,,,
-0.784382427,-0.003994351,-0.060407771,0.06350587,,-0.784382427,-0.003994351,,,,,,
-0.786431959,-0.002421665,-0.042182921,0.016158514,,-0.786431959,-0.002421665,,,,,,
-0.788117683,-0.001809579,-0.042118602,0.014594744,,-0.788117683,-0.001809579,,,,,,
-0.790214475,-0.000278036,-0.062671658,0.06159497,,-0.790214475,-0.000278036,,,,,,
-0.793239511,0.003361914,-0.088554976,0.120275026,,-0.793239511,0.003361914,,,,,,
-0.795759613,0.005746828,-0.037707061,0.001244491,,-0.795759613,0.005746828,,,,,,
-0.796869844,0.004999048,-0.017858827,-0.038193725,,-0.796869844,0.004999048,,,,,,
-0.797978305,0.00455656,-0.037464357,0.015184239,,-0.797978305,0.00455656,,,,,,
-0.800790001,0.008339241,-0.102928735,0.172380288,,-0.800790001,0.008339241,,,,,,
-0.802998731,0.010769856,-0.007940762,-0.047060957,,-0.802998731,0.010769856,,,,,,
-0.803373585,0.00929862,-0.010739785,-0.027094815,,-0.803373585,0.00929862,,,,,,
-0.803311834,0.007293217,0.013787507,-0.072897504,,-0.803311834,0.007293217,,,,,,
-0.803633286,0.006662361,-0.029654792,0.039549352,,-0.803633286,0.006662361,,,,,,
-0.804322032,0.007191303,-0.004885075,-0.012214682,,-0.804322032,0.007191303,,,,,,
-0.804431663,0.006677217,-0.000590214,-0.013570096,,-0.804431663,0.006677217,,,,,,
-0.803991912,0.005216211,0.022527615,-0.059095783,,-0.803991912,0.005216211,,,,,,
-0.803480467,0.003952736,0.003162593,-0.005140441,,-0.803480467,0.003952736,,,,,,
-0.802905818,0.002805769,0.025511865,-0.051744198,,-0.802905818,0.002805769,,,,,,
-0.801990952,0.00111896,0.020297619,-0.0332178,,-0.801990952,0.00111896,,,,,,
-0.800794432,-0.001025459,0.039502283,-0.073835831,,-0.800794432,-0.001025459,,,,,,
-0.801375091,0.001171489,-0.068141768,0.180336017,,-0.801375091,0.001171489,,,,,,
-0.801426726,0.001986296,0.064997578,-0.134716435,,-0.801426726,0.001986296,,,,,,
-0.800433584,0.000568109,-0.01497418,0.060597932,,-0.800433584,0.000568109,,,,,,
-0.801240883,0.003458826,-0.025410887,0.084181514,,-0.801240883,0.003458826,,,,,,
-0.800991127,0.003867048,0.037637082,-0.06150548,,-0.800991127,0.003867048,,,,,,
-0.8005944,0.004169661,-0.017573006,0.074665961,,-0.8005944,0.004169661,,,,,,
-0.800332506,0.004926245,0.030460838,-0.035037573,,-0.800332506,0.004926245,,,,,,
-0.80066878,0.007324589,-0.047001455,0.152645352,,-0.80066878,0.007324589,,,,,,
-0.80081698,0.009381071,0.039201857,-0.046415603,,-0.80081698,0.009381071,,,,,,
-0.799660838,0.008740471,0.01871926,0.013366671,,-0.799660838,0.008740471,,,,,,
-0.797915634,0.007118249,0.068388204,-0.093213198,,-0.797915634,0.007118249,,,,,,
-0.796551997,0.006861428,9.24E-05,0.077768614,,-0.796551997,0.006861428,,,,,,
-0.795303855,0.007133328,0.062065247,-0.062022962,,-0.795303855,0.007133328,,,,,,
-0.793297828,0.005994671,0.038371577,0.003875979,,-0.793297828,0.005994671,,,,,,
-0.790750123,0.003913604,0.088864283,-0.10670092,,-0.790750123,0.003913604,,,,,,
-0.788253098,0.002335822,0.036247041,0.025514213,,-0.788253098,0.002335822,,,,,,
-0.786050524,0.001640197,0.073748837,-0.059170531,,-0.786050524,0.001640197,,,,,,
-0.782013544,-0.003151739,0.127991209,-0.17961039,,-0.782013544,-0.003151739,,,,,,
-0.777401043,-0.008990277,0.102868726,-0.114492895,,-0.777401043,-0.008990277,,,,,,
-0.774630674,-0.010437026,0.035948163,0.039550041,,-0.774630674,-0.010437026,,,,,,
-0.772199632,-0.011383763,0.08541005,-0.085221296,,-0.772199632,-0.011383763,,,,,,
-0.769210647,-0.013882159,0.064170487,-0.040881637,,-0.769210647,-0.013882159,,,,,,
-0.766276514,-0.016560462,0.082505105,-0.092814783,,-0.766276514,-0.016560462,,,,,,
-0.763933699,-0.018208472,0.034849064,0.008550313,,-0.763933699,-0.018208472,,,,,,
-0.762257102,-0.018841527,0.048914718,-0.039622692,,-0.762257102,-0.018841527,,,,,,
-0.761562095,-0.017746022,-0.013954701,0.092637552,,-0.761562095,-0.017746022,,,,,,
-0.760973401,-0.017118356,0.043118461,-0.058870193,,-0.760973401,-0.017118356,,,,,,
-0.760276658,-0.017288393,-0.008088079,0.048716174,,-0.760276658,-0.017288393,,,,,,
-0.760101552,-0.016845285,0.016709898,-0.025371349,,-0.760101552,-0.016845285,,,,,,
-0.760250948,-0.016197267,-0.024047818,0.056670887,,-0.760250948,-0.016197267,,,,,,
-0.760182918,-0.016668838,0.027229227,-0.078336544,,-0.760182918,-0.016668838,,,,,,
-0.760297298,-0.017177945,-0.032710592,0.050836576,,-0.760297298,-0.017177945,,,,,,
-0.762030206,-0.014487597,-0.053930492,0.083734403,,-0.762030206,-0.014487597,,,,,,
-0.763267011,-0.013616533,-0.008135453,-0.038187318,,-0.763267011,-0.013616533,,,,,,
-0.765303031,-0.011316829,-0.093384398,0.150815632,,-0.765303031,-0.011316829,,,,,,
-0.767799249,-0.008520159,-0.031756873,-0.008038805,,-0.767799249,-0.008520159,,,,,,
-0.770515144,-0.005572489,-0.103818551,0.153609716,,-0.770515144,-0.005572489,,,,,,
-0.773137065,-0.003244754,-0.027649251,-0.033942895,,-0.773137065,-0.003244754,,,,,,
-0.775212694,-0.00232466,-0.075956775,0.078455966,,-0.775212694,-0.00232466,,,,,,
-0.777289861,-0.001531146,-0.02811739,-0.036893017,,-0.777289861,-0.001531146,,,,,,
-0.778700793,-0.002295741,-0.042352963,-0.002015433,,-0.778700793,-0.002295741,,,,,,
-0.780404504,-0.002363376,-0.04282992,-0.001389963,,-0.780404504,-0.002363376,,,,,,
-0.783274483,0.000279942,-0.100493269,0.132103967,,-0.783274483,0.000279942,,,,,,
-0.78658338,0.003798406,-0.065174767,0.045834552,,-0.78658338,0.003798406,,,,,,
-0.788147135,0.003240853,-0.013206413,-0.072061609,,-0.788147135,0.003240853,,,,,,
-0.790557639,0.004932822,-0.106964955,0.153636513,,-0.790557639,0.004932822,,,,,,
-0.794028491,0.00914896,-0.066830364,0.059451119,,-0.794028491,0.00914896,,,,,,
-0.796383462,0.010919067,-0.051008965,0.029867289,,-0.796383462,0.010919067,,,,,,
-0.797601106,0.010386983,-0.010012337,-0.055300908,,-0.797601106,0.010386983,,,,,,
-0.798472995,0.009557918,-0.033450291,0.012668239,,-0.798472995,0.009557918,,,,,,
-0.799996752,0.010693157,-0.042710018,0.043867316,,-0.799996752,0.010693157,,,,,,
-0.802001355,0.013323867,-0.057502375,0.087563013,,-0.802001355,0.013323867,,,,,,
-0.803137922,0.014286075,0.000434222,-0.037377606,,-0.803137922,0.014286075,,,,,,
-0.802839046,0.012463303,0.0145153,-0.053880518,,-0.802839046,0.012463303,,,,,,
-0.802147626,0.010363784,0.020100132,-0.051554225,,-0.802147626,0.010363784,,,,,,
-0.801035497,0.007854038,0.035516891,-0.074105915,,-0.801035497,0.007854038,,,,,,
-0.798902994,0.003473451,0.071075465,-0.1447642,,-0.798902994,0.003473451,,,,,,
-0.797487277,0.001270569,5.97E-05,0.031534778,,-0.797487277,0.001270569,,,,,,
-0.796974263,0.001357124,0.025488453,-0.026322611,,-0.796974263,0.001357124,,,,,,
-0.796360065,0.00133662,0.005309062,0.024534699,,-0.796360065,0.00133662,,,,,,
-0.795202665,0.000133788,0.052398918,-0.083310162,,-0.795202665,0.000133788,,,,,,
-0.793495217,-0.002169456,0.033107965,-0.033076021,,-0.793495217,-0.002169456,,,,,,
-0.792304084,-0.003155631,0.026497745,-0.016681097,,-0.792304084,-0.003155631,,,,,,
-0.791178962,-0.003985865,0.029761887,-0.024879783,,-0.791178962,-0.003985865,,,,,,
-0.790489816,-0.003823486,0.004791201,0.032177898,,-0.790489816,-0.003823486,,,,,,
-0.789524585,-0.004421639,0.043322603,-0.060819691,,-0.789524585,-0.004421639,,,,,,
-0.788916223,-0.004207705,-0.012682816,0.06960915,,-0.788916223,-0.004207705,,,,,,
-0.788503249,-0.003697938,0.03312792,-0.042343852,,-0.788503249,-0.003697938,,,,,,
-0.787066354,-0.005647328,0.038735583,-0.05533385,,-0.787066354,-0.005647328,,,,,,
-0.786536282,-0.005488613,-0.01203229,0.061552718,,-0.786536282,-0.005488613,,,,,,
-0.786678589,-0.003954393,0.004807348,0.01615051,,-0.786678589,-0.003954393,,,,,,
-0.785415394,-0.005876145,0.058173708,-0.110737928,,-0.785415394,-0.005876145,,,,,,
-0.784928439,-0.005958041,-0.033453046,0.103422465,,-0.784928439,-0.005958041,,,,,,
-0.784757579,-0.005542023,0.041671705,-0.079799618,,-0.784757579,-0.005542023,,,,,,
-0.784299838,-0.005890177,-0.018534352,0.0602248,,-0.784299838,-0.005890177,,,,,,
-0.784252081,-0.005469756,0.020745244,-0.037656572,,-0.784252081,-0.005469756,,,,,,
-0.783559143,-0.006686487,0.013952223,-0.023642139,,-0.783559143,-0.006686487,,,,,,
-0.783694593,-0.006075214,-0.020603486,0.05318045,,-0.783694593,-0.006075214,,,,,,
-0.783836619,-0.005681977,0.013347499,-0.03216449,,-0.783836619,-0.005681977,,,,,,
-0.784778152,-0.003552408,-0.060176059,0.136557249,,-0.784778152,-0.003552408,,,,,,
-0.785442826,-0.002347723,0.026555518,-0.072944475,,-0.785442826,-0.002347723,,,,,,
-0.784603785,-0.004680004,0.015494426,-0.044574131,,-0.784603785,-0.004680004,,,,,,
-0.785801958,-0.002213104,-0.075091148,0.165288403,,-0.785801958,-0.002213104,,,,,,
-0.787055228,0.000117105,0.012015305,-0.045152665,,-0.787055228,0.000117105,,,,,,
-0.787106642,-0.000363185,-0.014463696,0.020065395,,-0.787106642,-0.000363185,,,,,,
-0.786487366,-0.002363722,0.045229586,-0.118432931,,-0.786487366,-0.002363722,,,,,,
-0.786508823,-0.002702775,-0.045920735,0.09817208,,-0.786508823,-0.002702775,,,,,,
-0.787095043,-0.001826173,0.016332208,-0.0519185,,-0.787095043,-0.001826173,,,,,,
-0.788076074,-2.32E-05,-0.065090331,0.139574041,,-0.788076074,-2.32E-05,,,,,,
-0.78978914,0.003359705,-0.020820245,0.031880306,,-0.78978914,0.003359705,,,,,,
-0.790563597,0.004557795,-0.017935024,0.028326804,,-0.790563597,0.004557795,,,,,,
-0.790392305,0.003694013,0.026345895,-0.070217234,,-0.790392305,0.003694013,,,,,,
-0.790220553,0.00312287,-0.017557343,0.039899661,,-0.790220553,0.00312287,,,,,,
-0.790062832,0.002750878,0.025282302,-0.057122808,,-0.790062832,0.002750878,,,,,,
-0.789009685,0.000507958,0.027423569,-0.055506477,,-0.789009685,0.000507958,,,,,,
-0.788358762,-0.000570149,0.005241489,0.000542653,,-0.788358762,-0.000570149,,,,,,
-0.787956865,-0.000979243,0.014824782,-0.020762443,,-0.787956865,-0.000979243,,,,,,
-0.787190027,-0.002183036,0.023509896,-0.039396059,,-0.787190027,-0.002183036,,,,,,
-0.786606704,-0.002891195,0.00574483,0.003205193,,-0.786606704,-0.002891195,,,,,,
-0.786244658,-0.003098668,0.012333434,-0.013374373,,-0.786244658,-0.003098668,,,,,,
-0.786454752,-0.001998089,-0.022721098,0.067421258,,-0.786454752,-0.001998089,,,,,,
-0.787508279,0.000962223,-0.02999352,0.081000466,,-0.787508279,0.000962223,,,,,,
-0.78719297,0.000617478,0.045460132,-0.095666312,,-0.78719297,0.000617478,,,,,,
-0.785983852,-0.001641121,0.015175133,-0.018875056,,-0.785983852,-0.001641121,,,,,,
-0.785548808,-0.001973317,0.00661989,0.001886545,,-0.785548808,-0.001973317,,,,,,
-0.785346443,-0.001759163,0.003505824,0.008762279,,-0.785346443,-0.001759163,,,,,,
-0.785142234,-0.001569291,0.006687098,0.000888063,,-0.785142234,-0.001569291,,,,,,
-0.784922314,-0.001421452,0.004315412,0.0064512,,-0.784922314,-0.001421452,,,,,,
-0.784740386,-0.001187355,0.004774083,0.005318894,,-0.784740386,-0.001187355,,,,,,
-0.784411518,-0.001294367,0.011644131,-0.010455448,,-0.784411518,-0.001294367,,,,,,
-0.784992052,0.000756466,-0.040502716,0.111594868,,-0.784992052,0.000756466,,,,,,
-0.785600336,0.002779242,0.009838434,-0.008246524,,-0.785600336,0.002779242,,,,,,
-0.785210245,0.002547697,0.009678187,-0.00344756,,-0.785210245,0.002547697,,,,,,
-0.784610844,0.001993492,0.020266787,-0.024066138,,-0.784610844,0.001993492,,,,,,
-0.78393746,0.001444589,0.013448046,-0.003792939,,-0.78393746,0.001444589,,,,,,
-0.783247505,0.000997781,0.021032988,-0.01841904,,-0.783247505,0.000997781,,,,,,
-0.783574254,0.003065709,-0.037174599,0.120170561,,-0.783574254,0.003065709,,,,,,
-0.782465828,0.001754932,0.092100855,-0.181468124,,-0.782465828,0.001754932,,,,,,
-0.780856526,-0.000392989,-0.011157352,0.069875143,,-0.780856526,-0.000392989,,,,,,
-0.780096974,-0.000471769,0.048891506,-0.071713081,,-0.780096974,-0.000471769,,,,,,
-0.778457132,-0.002504518,0.033213204,-0.03095145,,-0.778457132,-0.002504518,,,,,,
-0.776462617,-0.005286489,0.066438357,-0.107574599,,-0.776462617,-0.005286489,,,,,,
-0.774438682,-0.008060768,0.034946481,-0.032830163,,-0.774438682,-0.008060768,,,,,,
-0.773761809,-0.007768531,-0.000970556,0.046315425,,-0.773761809,-0.007768531,,,,,,
-0.773511175,-0.006753983,0.013411527,0.00523137,,-0.773511175,-0.006753983,,,,,,
-0.772895276,-0.006829777,0.017361946,-0.008829441,,-0.772895276,-0.006829777,,,,,,
-0.7724694,-0.006639483,0.003975455,0.0179796,,-0.7724694,-0.006639483,,,,,,
-0.772878253,-0.004699766,-0.024352831,0.078498172,,-0.772878253,-0.004699766,,,,,,
-0.772646405,-0.004521963,0.035690067,-0.067392346,,-0.772646405,-0.004521963,,,,,,
-0.771794987,-0.005850786,0.007025223,-0.000326617,,-0.771794987,-0.005850786,,,,,,
-0.7708711,-0.007446675,0.039068066,-0.078628015,,-0.7708711,-0.007446675,,,,,,
-0.770853827,-0.006996242,-0.037906123,0.098590067,,-0.770853827,-0.006996242,,,,,,
-0.771178829,-0.006043176,0.021383111,-0.04854445,,-0.771178829,-0.006043176,,,,,,
-0.770784775,-0.006934708,-0.001571595,0.003011018,,-0.770784775,-0.006934708,,,,,,
-0.770629488,-0.007425347,0.009295237,-0.027195392,,-0.770629488,-0.007425347,,,,,,
-0.770614571,-0.007754874,-0.008476646,0.010090497,,-0.770614571,-0.007754874,,,,,,
-0.77093601,-0.007514891,-0.007612684,0.002074325,,-0.77093601,-0.007514891,,,,,,
-0.771526584,-0.006871358,-0.021880071,0.029816778,,-0.771526584,-0.006871358,,,,,,
-0.771466199,-0.007997111,0.024726162,-0.084628091,,-0.771466199,-0.007997111,,,,,,
-0.772096524,-0.007617447,-0.055928093,0.100912428,,-0.772096524,-0.007617447,,,,,,
-0.773556646,-0.005614754,-0.017290813,0.001122321,,-0.773556646,-0.005614754,,,,,,
-0.773992464,-0.006242972,-0.004543574,-0.03216712,,-0.773992464,-0.006242972,,,,,,
-0.775108771,-0.005391053,-0.051106065,0.073358465,,-0.775108771,-0.005391053,,,,,,
-0.776812188,-0.00339928,-0.034185062,0.027326058,,-0.776812188,-0.00339928,,,,,,
-0.778126439,-0.002490769,-0.031561443,0.018418652,,-0.778126439,-0.002490769,,,,,,
-0.779129296,-0.002396381,-0.018637809,-0.013207517,,-0.779129296,-0.002396381,,,,,,
-0.780006705,-0.002615468,-0.025201654,0.001980589,,-0.780006705,-0.002615468,,,,,,
-0.782083327,-5.21E-05,-0.078470268,0.124875466,,-0.782083327,-5.21E-05,,,,,,
-0.784241881,0.002547267,-0.029715297,0.007387771,,-0.784241881,0.002547267,,,,,,
-0.786247465,0.004826768,-0.070442644,0.105590443,,-0.786247465,0.004826768,,,,,,
-0.787811192,0.006123101,-0.008021301,-0.038351022,,-0.787811192,0.006123101,,,,,,
-0.789262175,0.007419563,-0.06431517,0.101356539,,-0.789262175,0.007419563,,,,,,
-0.791123925,0.009871093,-0.028961512,0.022903276,,-0.791123925,0.009871093,,,,,,
-0.791295272,0.008663167,0.020235458,-0.081974382,,-0.791295272,0.008663167,,,,,,
-0.791879216,0.008922986,-0.04913908,0.092417765,,-0.791879216,0.008922986,,,,,,
-0.791734943,0.007776272,0.055961497,-0.146414413,,-0.791734943,0.007776272,,,,,,
-0.791281318,0.006425764,-0.032871265,0.07530314,,-0.791281318,0.006425764,,,,,,
-0.791432458,0.006782712,0.025078831,-0.055423303,,-0.791432458,0.006782712,,,,,,
-0.790247674,0.004352678,0.034190081,-0.066409576,,-0.790247674,0.004352678,,,,,,
-0.789149057,0.002505581,0.020846142,-0.026912279,,-0.789149057,0.002505581,,,,,,
-0.789019728,0.003184165,-0.014245157,0.059688909,,-0.789019728,0.003184165,,,,,,
-0.788598557,0.003277658,0.035105242,-0.053303158,,-0.788598557,0.003277658,,,,,,
-0.787664056,0.002391836,0.011742941,0.007917529,,-0.787664056,0.002391836,,,,,,
-0.786102208,0.000216208,0.066180974,-0.115302793,,-0.786102208,0.000216208,,,,,,
-0.783614803,-0.003868055,0.058317579,-0.090126254,,-0.783614803,-0.003868055,,,,,,
-0.782859327,-0.0037254,-0.020227033,0.094526837,,-0.782859327,-0.0037254,,,,,,
-0.781607313,-0.004908591,0.082429726,-0.150271465,,-0.781607313,-0.004908591,,,,,,
-0.779919623,-0.007053353,0.002328978,0.039748822,,-0.779919623,-0.007053353,,,,,,
-0.779043087,-0.007438779,0.041338766,-0.057646576,,-0.779043087,-0.007438779,,,,,,
-0.776716786,-0.011367604,0.074919915,-0.138398581,,-0.776716786,-0.011367604,,,,,,
-0.775348272,-0.013124618,-0.006133709,0.047401957,,-0.775348272,-0.013124618,,,,,,
-0.775754746,-0.011110547,-0.014218558,0.053616752,,-0.775754746,-0.011110547,,,,,,
-0.775508323,-0.011104563,0.026359733,-0.051746809,,-0.775508323,-0.011104563,,,,,,
-0.775384914,-0.011113536,-0.020011326,0.049773329,,-0.775384914,-0.011113536,,,,,,
-0.775132379,-0.011814571,0.032425448,-0.082989913,,-0.775132379,-0.011814571,,,,,,
-0.775732572,-0.010790447,-0.062084003,0.131200179,,-0.775732572,-0.010790447,,,,,,
-0.775598949,-0.011976587,0.068243455,-0.186013488,,-0.775598949,-0.011976587,,,,,,
-0.775881981,-0.012356807,-0.08178339,0.161719819,,-0.775881981,-0.012356807,,,,,,
-0.776969727,-0.01136696,0.026912025,-0.107999052,,-0.776969727,-0.01136696,,,,,,
-0.777628149,-0.011689474,-0.059483721,0.088858468,,-0.777628149,-0.011689474,,,,,,
-0.778998139,-0.010775726,-0.009256864,-0.041047326,,-0.778998139,-0.010775726,,,,,,
-0.780585884,-0.009690473,-0.06991835,0.093517109,,-0.780585884,-0.009690473,,,,,,
-0.783284233,-0.006424137,-0.065104602,0.070806651,,-0.783284233,-0.006424137,,,,,,
-0.7866087,-0.002064684,-0.101077095,0.146923062,,-0.7866087,-0.002064684,,,,,,
-0.789295993,0.000477051,-0.033623681,-0.016864851,,-0.789295993,0.000477051,,,,,,
-0.791745058,0.002446141,-0.088645307,0.113772788,,-0.791745058,0.002446141,,,,,,
-0.794554808,0.005230971,-0.052050877,0.027336849,,-0.794554808,0.005230971,,,,,,
-0.796546286,0.006210956,-0.047554454,0.021948655,,-0.796546286,0.006210956,,,,,,
-0.799020581,0.00855155,-0.076085586,0.094482535,,-0.799020581,0.00855155,,,,,,
-0.801365638,0.010785294,-0.041347368,0.018802293,,-0.801365638,0.010785294,,,,,,
-0.802254134,0.009953816,-0.003198104,-0.05937193,,-0.802254134,0.009953816,,,,,,
-0.80314155,0.0096331,-0.040994035,0.04176519,,-0.80314155,0.0096331,,,,,,
-0.803044107,0.00739852,0.045577181,-0.151066894,,-0.803044107,0.00739852,,,,,,
-0.802735493,0.005226349,-0.029774748,0.039173907,,-0.802735493,0.005226349,,,,,,
-0.802801898,0.004244913,0.026256051,-0.086564511,,-0.802801898,0.004244913,,,,,,
-0.801656826,0.000757998,0.031065624,-0.088467109,,-0.801656826,0.000757998,,,,,,
-0.800780089,-0.001787738,0.012907466,-0.040065726,,-0.800780089,-0.001787738,,,,,,
-0.800692281,-0.002347395,-0.008416727,0.011201217,,-0.800692281,-0.002347395,,,,,,
-0.801534364,-0.000739234,-0.033621458,0.068678258,,-0.801534364,-0.000739234,,,,,,
-0.8017964,-0.000582785,0.020295587,-0.058915744,,-0.8017964,-0.000582785,,,,,,
-0.801435152,-0.001803131,-0.002111634,-0.003185186,,-0.801435152,-0.001803131,,,,,,
-0.802177197,-0.000389082,-0.034888366,0.073039154,,-0.802177197,-0.000389082,,,,,,
-0.802011604,-0.001176901,0.04286802,-0.109857522,,-0.802011604,-0.001176901,,,,,,
-0.80187999,-0.001739903,-0.0359496,0.078772038,,-0.80187999,-0.001739903,,,,,,
-0.802060445,-0.001617831,0.026666406,-0.070413247,,-0.802060445,-0.001617831,,,,,,
-0.801785603,-0.002505761,-0.012741812,0.024416434,,-0.801785603,-0.002505761,,,,,,
-0.801715689,-0.002927625,0.016127243,-0.044565742,,-0.801715689,-0.002927625,,,,,,
-0.801115545,-0.00458224,0.01392514,-0.038595581,,-0.801115545,-0.00458224,,,,,,
-0.802578993,-0.0014061,-0.086760131,0.194569608,,-0.802578993,-0.0014061,,,,,,
-0.802897811,-0.001202935,0.070169493,-0.178788199,,-0.802897811,-0.001202935,,,,,,
-0.802059571,-0.003549605,-0.02780022,0.057440437,,-0.802059571,-0.003549605,,,,,,
-0.802907986,-0.001963354,-0.014713226,0.022716623,,-0.802907986,-0.001963354,,,,,,
-0.803752671,-0.000483375,-0.027502668,0.051161545,,-0.803752671,-0.000483375,,,,,,
-0.804325944,0.000297808,-0.001285065,-0.011011504,,-0.804325944,0.000297808,,,,,,
-0.804730759,0.000732839,-0.018890518,0.032207682,,-0.804730759,0.000732839,,,,,,
-0.805551498,0.002184669,-0.022162899,0.040559177,,-0.805551498,0.002184669,,,,,,
-0.806224136,0.003334981,-0.011533754,0.017539559,,-0.806224136,0.003334981,,,,,,
-0.806928387,0.004679568,-0.023652831,0.049491733,,-0.806928387,0.004679568,,,,,,
-0.806797885,0.004202548,0.029976991,-0.071626853,,-0.806797885,0.004202548,,,,,,
-0.805491855,0.001268579,0.03537749,-0.075612585,,-0.805491855,0.001268579,,,,,,
-0.805432425,0.001552189,-0.032130798,0.087416047,,-0.805432425,0.001552189,,,,,,
-0.805040959,0.001089581,0.051375688,-0.107722857,,-0.805040959,0.001089581,,,,,,
-0.804252971,-8.91E-05,-0.011686204,0.046246445,,-0.804252971,-8.91E-05,,,,,,
-0.803739254,-0.000556685,0.037183909,-0.068013219,,-0.803739254,-0.000556685,,,,,,
-0.803105153,-0.001187618,-0.005288215,0.034800438,,-0.803105153,-0.001187618,,,,,,
-0.802847945,-0.000920862,0.018047183,-0.020579575,,-0.802847945,-0.000920862,,,,,,
-0.801986651,-0.002035763,0.02501539,-0.035176331,,-0.801986651,-0.002035763,,,,,,
-0.801895043,-0.001283607,-0.02026648,0.071346395,,-0.801895043,-0.001283607,,,,,,
-0.801598202,-0.001091012,0.034877853,-0.059717561,,-0.801598202,-0.001091012,,,,,,
-0.800692091,-0.002261915,0.010555299,3.85E-05,,-0.800692091,-0.002261915,,,,,,
-0.800090214,-0.00269231,0.019510768,-0.021327782,,-0.800090214,-0.00269231,,,,,,
-0.799410898,-0.003305408,0.014488296,-0.009628813,,-0.799410898,-0.003305408,,,,,,
-0.799083553,-0.003119914,0.00192414,0.018519973,,-0.799083553,-0.003119914,,,,,,
-0.798479869,-0.003658989,0.02816246,-0.044641305,,-0.798479869,-0.003658989,,,,,,
-0.797267704,-0.005636015,0.032470555,-0.05447115,,-0.797267704,-0.005636015,,,,,,
-0.796469134,-0.006659694,0.007578339,0.002226596,,-0.796469134,-0.006659694,,,,,,
-0.795043213,-0.009295342,0.063540781,-0.132538999,,-0.795043213,-0.009295342,,,,,,
-0.793998061,-0.011094623,-0.010945932,0.039625584,,-0.793998061,-0.011094623,,,,,,
-0.795209121,-0.007912202,-0.049534229,0.118959988,,-0.795209121,-0.007912202,,,,,,
-0.796234476,-0.005631025,-0.001989702,-0.002618319,,-0.796234476,-0.005631025,,,,,,
-0.796271077,-0.005906671,0.000151681,-0.011096287,,-0.796271077,-0.005906671,,,,,,
-0.795965674,-0.007118384,0.015078958,-0.04917197,,-0.795965674,-0.007118384,,,,,,
-0.795859513,-0.007970444,-0.009657102,0.005571981,,-0.795859513,-0.007970444,,,,,,
-0.797498289,-0.004934721,-0.072103174,0.14475565,,-0.797498289,-0.004934721,,,,,,
-0.799003405,-0.002584623,-0.003492959,-0.024242959,,-0.799003405,-0.002584623,,,,,,
-0.797427666,-0.007565498,0.082040447,-0.222856163,,-0.797427666,-0.007565498,,,,,,
-0.797643219,-0.008165199,-0.09209616,0.186622631,,-0.797643219,-0.008165199,,,,,,
-0.79951885,-0.005248504,-0.002130735,-0.036851883,,-0.79951885,-0.005248504,,,,,,
-0.801063778,-0.003330491,-0.074865409,0.130641813,,-0.801063778,-0.003330491,,,,,,
-0.802683163,-0.001492065,-0.006429622,-0.03585422,,-0.802683163,-0.001492065,,,,,,
-0.804278322,0.000248724,-0.073093718,0.120908588,,-0.804278322,0.000248724,,,,,,
-0.805557283,0.001142113,0.008791036,-0.073153002,,-0.805557283,0.001142113,,,,,,
-0.806006495,0.000219339,-0.031062771,0.025353516,,-0.806006495,0.000219339,,,,,,
-0.807372495,0.001531378,-0.037239222,0.040296183,,-0.807372495,0.001531378,,,,,,
-0.8092789,0.004137156,-0.058050602,0.089790804,,-0.8092789,0.004137156,,,,,,
-0.810772022,0.005800996,-0.01680536,-0.004837999,,-0.810772022,0.005800996,,,,,,
-0.811453526,0.005771534,-0.01725705,0.003242348,,-0.811453526,0.005771534,,,,,,
-0.812630048,0.007173867,-0.041491198,0.06622548,,-0.812630048,0.007173867,,,,,,
-0.81303926,0.00698764,0.020790898,-0.07348179,,-0.81303926,0.00698764,,,,,,
-0.812534981,0.005050133,0.004545995,-0.024519004,,-0.812534981,0.005050133,,,,,,
-0.81213022,0.003695845,0.015686422,-0.04319127,,-0.81213022,0.003695845,,,,,,
-0.81293479,0.005466411,-0.055654453,0.129504887,,-0.81293479,0.005466411,,,,,,
-0.81397313,0.00786144,0.003449096,-0.007211658,,-0.81397313,0.00786144,,,,,,
-0.813102857,0.006039896,0.039969216,-0.083101004,,-0.813102857,0.006039896,,,,,,
-0.811810036,0.003659945,0.024799215,-0.037069814,,-0.811810036,0.003659945,,,,,,
